{
    "metadata": {
        "materials": 1,
        "generator": "io_three",
        "version": 3,
        "vertices": 198,
        "faces": 364,
        "type": "Geometry",
        "uvs": 1
    },
    "materials": [{
        "shading": "phong",
        "colorAmbient": [0.64,0.64,0.64],
        "DbgColor": 15658734,
        "colorSpecular": [0.5,0.5,0.5],
        "depthWrite": true,
        "blending": "NormalBlending",
        "colorEmissive": [0,0,0],
        "wireframe": false,
        "DbgIndex": 0,
        "opacity": 1,
        "depthTest": true,
        "transparent": false,
        "visible": true,
        "DbgName": "spitfire",
        "specularCoef": 50,
        "colorDiffuse": [0.64,0.64,0.64]
    }],
    "vertices": [-2.22847,0.092486,1.3495,-2.31084,0.462997,1.3495,-2.35945,0.092486,-1.0292,-2.35945,0.462997,1.3495,-2.35945,0.462997,-1.0292,-2.35945,0.092486,1.3495,-2.25526,0.16821,-3.16479,-2.25526,0.477578,-3.16479,-2.25526,0.16821,-3.56822,-2.1399,1.32696,-1.0292,-2.06579,0.934563,-3.16479,-2.22847,1.08526,1.3495,-2.26963,1.08526,1.3495,-2.26963,1.08526,-1.0292,-2.16544,0.698899,-3.16479,-2.38939,0.774127,1.3495,-2.38939,0.774127,-1.0292,-2.24156,0.521415,-3.16479,-2.31084,0.774127,1.3495,-2.1399,1.39421,0.409924,-2.26963,1.08526,0.642728,-2.1399,1.39421,-0.659939,-2.26963,1.08526,-0.659938,-2.22847,0.416482,2.41532,-2.22847,0.506854,2.41532,-2.22847,0.721016,2.41532,-2.22847,0.935178,2.41532,-2.22847,1.08526,1.3495,-2.22847,1.08526,0.642728,-2.25526,0.477578,-3.56822,-2.06579,0.934563,-3.56822,-2.16544,0.698898,-3.56822,-2.24156,0.521415,-3.56822,-2.25526,0.257283,-4.13528,-2.25526,0.477578,-4.13528,-2.06579,0.934563,-4.13528,-2.16544,0.698898,-4.13528,-2.24156,0.521415,-4.13528,-2.25526,0.442461,-4.61629,-2.25526,0.477578,-4.64613,-2.06579,0.934563,-4.68547,-2.16544,0.698898,-4.68547,-2.24156,0.521415,-4.67326,-2.06579,1.496,-3.56822,-2.06579,0.970004,-3.16479,-2.06579,1.85323,-4.13528,-2.06579,1.29967,-4.68547,-2.25526,0.376828,-4.49089,-2.06579,0.934563,-4.49089,-2.16544,0.698898,-4.49089,-2.24156,0.521415,-4.49089,-2.25526,0.477578,-4.49089,-2.06579,1.68784,-4.49089,-2.06579,0.934563,-3.85175,-2.16544,0.698898,-3.85175,-2.25526,0.16821,-3.85175,-2.24156,0.521415,-3.85175,-2.25526,0.477578,-3.85175,-2.06579,1.77926,-3.85175,-2.06579,0.934563,-4.31309,-2.24156,0.521415,-4.31309,-2.25526,0.477578,-4.31309,-2.06579,1.82117,-4.31309,-2.25526,0.313539,-4.31309,-2.16544,0.698898,-4.31309,-3.02036,0.092486,1.33609,-3.02036,0.462997,1.33609,-3.02036,0.092486,-0.654967,-3.02036,0.462997,-0.654967,-4.82071,0.204232,-0.306355,-4.82071,0.204232,1.21548,-4.82071,0.462997,1.21548,-4.82071,0.462997,-0.306355,-6.49689,0.325343,0.036124,-6.49689,0.325343,1.06028,-6.49689,0.462997,1.06028,-6.49689,0.462997,0.036124,-6.85472,0.362766,0.365139,-6.85472,0.362766,0.731268,-6.85472,0.462997,0.731268,-6.85472,0.462997,0.365139,-2.35945,0.092486,-1.0292,-2.35945,0.462997,1.3495,-2.35945,0.462997,-1.0292,-2.35945,0.092486,1.3495,-1.81225,0.092486,1.3495,-1.72988,0.462997,1.3495,-1.68128,0.092486,-1.0292,-1.68128,0.462997,1.3495,-1.68128,0.462997,-1.0292,-1.68128,0.092486,1.3495,-1.78546,0.16821,-3.16479,-1.78546,0.477578,-3.16479,-1.78546,0.16821,-3.56822,-1.90083,1.32696,-1.0292,-1.97493,0.934563,-3.16479,-1.81225,1.08526,1.3495,-1.77109,1.08526,1.3495,-1.77109,1.08526,-1.0292,-1.87528,0.698899,-3.16479,-1.65134,0.774127,1.3495,-1.65134,0.774127,-1.0292,-1.79916,0.521415,-3.16479,-1.72988,0.774127,1.3495,-1.90083,1.39421,0.409924,-1.77109,1.08526,0.642728,-1.90083,1.39421,-0.659939,-1.77109,1.08526,-0.659938,-1.81225,0.416482,2.41532,-1.81225,0.506854,2.41532,-1.81225,0.721016,2.41532,-1.81225,0.935178,2.41532,-1.81225,1.08526,1.3495,-1.81225,1.08526,0.642728,-1.78546,0.477578,-3.56822,-1.97493,0.934563,-3.56822,-1.87528,0.698898,-3.56822,-1.79916,0.521415,-3.56822,-1.78546,0.257283,-4.13528,-1.78546,0.477578,-4.13528,-1.97493,0.934563,-4.13528,-1.87528,0.698898,-4.13528,-1.79916,0.521415,-4.13528,-1.78546,0.442461,-4.61629,-1.78546,0.477578,-4.64613,-1.97493,0.934563,-4.68547,-1.87528,0.698898,-4.68547,-1.79916,0.521415,-4.67326,-1.97493,1.496,-3.56822,-1.97493,0.970004,-3.16479,-1.97493,1.85323,-4.13528,-1.97493,1.29967,-4.68547,-1.78546,0.376828,-4.49089,-1.97493,0.934563,-4.49089,-1.87528,0.698898,-4.49089,-1.79916,0.521415,-4.49089,-1.78546,0.477578,-4.49089,-1.97493,1.68784,-4.49089,-1.97493,0.934563,-3.85175,-1.87528,0.698898,-3.85175,-1.78546,0.16821,-3.85175,-1.79916,0.521415,-3.85175,-1.78546,0.477578,-3.85175,-1.97493,1.77926,-3.85175,-1.97493,0.934563,-4.31309,-1.79916,0.521415,-4.31309,-1.78546,0.477578,-4.31309,-1.97493,1.82117,-4.31309,-1.78546,0.313539,-4.31309,-1.87528,0.698898,-4.31309,-1.02036,0.092486,1.33609,-1.02036,0.462997,1.33609,-1.02036,0.092486,-0.654967,-1.02036,0.462997,-0.654967,0.779986,0.204232,-0.306355,0.779986,0.204232,1.21548,0.779986,0.462997,1.21548,0.779986,0.462997,-0.306355,2.45617,0.325343,0.036124,2.45617,0.325343,1.06028,2.45617,0.462997,1.06028,2.45617,0.462997,0.036124,2.814,0.362766,0.365139,2.814,0.362766,0.731268,2.814,0.462997,0.731268,2.814,0.462997,0.365139,-1.68128,0.092486,-1.0292,-1.68128,0.462997,1.3495,-1.68128,0.462997,-1.0292,-1.68128,0.092486,1.3495,-2.02036,0.092486,-1.0292,-2.02036,0.16821,-3.16479,-2.02036,0.16821,-3.56822,-2.02036,1.35721,-1.0292,-2.02036,0.934563,-3.16479,-2.02036,1.42447,0.409924,-2.02036,1.42726,-0.675646,-2.02036,1.08526,1.3495,-2.02036,0.935178,2.41532,-2.02036,0.092486,1.3495,-2.02036,0.416482,2.41532,-2.02036,0.506854,2.41532,-2.02036,0.721016,2.41532,-2.02036,1.08526,1.3495,-2.02036,1.08526,0.642728,-2.02036,0.257283,-4.13528,-2.02036,0.442461,-4.61629,-2.02036,0.934563,-4.68547,-2.02036,1.496,-3.56822,-2.02036,0.970004,-3.16479,-2.02036,1.85323,-4.13528,-2.02036,1.29967,-4.68547,-2.02036,0.376828,-4.49089,-2.02036,1.68784,-4.49089,-2.02036,0.16821,-3.85175,-2.02036,1.77926,-3.85175,-2.02036,0.313539,-4.31309,-2.02036,1.82117,-4.31309],