{
    "normals": [0.313273,-0.644368,0.697562,-0.254524,-0.771111,0.583575,-0.254524,-0.771111,-0.583575,0.313273,-0.644368,-0.697562,-0.795038,0.165258,-0.583575,-0.401288,0.593585,-0.697562,-0.795038,0.165258,0.583575,-0.401288,0.593585,0.697562,0.339183,-0.627644,0.700705,-0.373821,0.607654,0.700705,-0.373821,0.607654,-0.700705,0.339183,-0.627644,-0.700705,0.40141,0.593493,0.697562,0.795068,0.165105,0.583575,0.795068,0.165105,-0.583575,0.40141,0.593493,-0.697562,0.254372,-0.771172,-0.583575,-0.313395,-0.644307,-0.697562,0.254372,-0.771172,0.583575,-0.313395,-0.644307,0.697562,-0.339305,-0.627583,0.700705,0.373974,0.607562,0.700705,-0.339305,-0.627583,-0.700705,0.373974,0.607562,-0.700705,-0.714682,0.050874,0.697562,-0.540513,0.606006,0.583575,-0.540513,0.606006,-0.583575,-0.714682,0.050874,-0.697562,0.540666,0.605884,-0.583575,0.714682,0.050722,-0.697562,0.540666,0.605884,0.583575,0.714682,0.050722,0.697562,0.713157,0.019929,0.700705,-0.713157,0.020081,0.700705,0.713157,0.019929,-0.700705,-0.713157,0.020081,-0.700705,-0.733116,-0.426954,-0.529344,-0.777154,-0.452589,0.437208,-0.869564,0.229499,0.437208,-0.820307,0.216498,-0.529313,-0.452589,0.777154,0.437208,-0.426954,0.733116,-0.529344,0.229499,0.869564,0.437208,0.216498,0.820307,-0.529344,0.777154,0.452589,0.437208,0.733116,0.426954,-0.529344,0.869564,-0.229499,0.437208,0.820307,-0.216498,-0.529344,0.452589,-0.777154,0.437208,0.426954,-0.733116,-0.529344,-0.229499,-0.869564,0.437208,-0.216498,-0.820307,-0.529313,0,0,1],
    "metadata": {
        "materials": 1,
        "generator": "io_three",
        "version": 3,
        "type": "Geometry",
        "faces": 49,
        "vertices": 53,
        "normals": 53,
        "uvs": 1
    },
    "materials": [{
        "shading": "phong",
        "colorAmbient": [0.64,0.64,0.64],
        "DbgColor": 15658734,
        "colorSpecular": [0.5,0.5,0.5],
        "depthWrite": true,
        "blending": "NormalBlending",
        "colorEmissive": [0,0,0],
        "wireframe": false,
        "DbgIndex": 0,
        "opacity": 1,
        "depthTest": true,
        "transparent": false,
        "visible": true,
        "DbgName": "spitfire",
        "specularCoef": 50,
        "colorDiffuse": [0.64,0.64,0.64]
    }],
    "vertices": [-0.020995,0.044595,0.445826,-0.217975,-0.05761,0.445826,-0.020995,0.044595,0.440686,-0.217975,-0.05761,0.440686,-0.042445,0.081757,0.445826,-0.229472,-0.037691,0.445826,-0.042445,0.081757,0.440686,-0.229472,-0.037691,0.440686,-0.178038,-0.04027,0.445826,-0.178038,-0.04027,0.440686,-0.194481,-0.011782,0.440686,-0.194481,-0.011782,0.445826,0.044374,0.081745,0.445826,0.231377,-0.037743,0.445826,0.044374,0.081745,0.440686,0.231377,-0.037743,0.440686,0.022917,0.044588,0.445826,0.219875,-0.057659,0.445826,0.022917,0.044588,0.440686,0.219875,-0.057659,0.440686,0.196391,-0.011826,0.445826,0.196391,-0.011826,0.440686,0.179941,-0.04031,0.440686,0.179941,-0.04031,0.445826,-0.020483,0.119782,0.445826,-0.010505,0.341474,0.445826,-0.020483,0.119782,0.440686,-0.010505,0.341474,0.440686,0.022425,0.119777,0.445826,0.012494,0.341471,0.445826,0.022425,0.119777,0.440686,0.012494,0.341471,0.440686,-0.015457,0.298217,0.445826,-0.015457,0.298217,0.440686,0.017437,0.298214,0.440686,0.017437,0.298214,0.445826,-0.043134,0.056358,0.437464,-0.048378,0.095064,0.437464,-0.024717,0.12614,0.437464,0.013989,0.131384,0.437464,0.045065,0.107723,0.437464,0.000966,0.082041,0.531543,0.050309,0.069017,0.437464,0.026648,0.037941,0.437464,-0.012058,0.032697,0.437464,0.03406,0.101314,0.484757,-0.018308,0.115135,0.484757,0.037995,0.072267,0.484757,-0.032129,0.062767,0.484757,0.010739,0.11907,0.484757,-0.008808,0.045011,0.484757,0.020239,0.048946,0.484757,-0.036064,0.091814,0.484757],
    "faces": [43,8,1,3,9,0,0,1,2,3,0,1,2,3,43,9,3,7,10,0,4,5,6,7,3,2,4,5,43,10,7,5,11,0,8,9,10,11,5,4,6,7,43,11,5,1,8,0,12,13,14,15,7,6,1,0,43,7,3,1,5,0,16,17,18,19,4,2,1,6,43,8,0,4,11,0,15,21,20,12,0,8,9,7,43,6,10,11,4,0,22,8,11,23,10,5,7,9,43,2,9,10,6,0,24,4,7,25,11,3,5,10,43,0,8,9,2,0,26,0,3,27,8,0,3,11,43,20,13,15,21,0,0,1,2,3,12,13,14,15,43,21,15,19,22,0,4,5,6,7,15,14,16,17,43,22,19,17,23,0,8,9,10,11,17,16,18,19,43,23,17,13,20,0,12,13,14,15,19,18,13,12,43,19,15,13,17,0,16,17,18,19,16,14,13,18,43,16,23,20,12,0,20,12,15,21,20,19,12,21,43,18,22,23,16,0,22,8,11,23,22,17,19,20,43,14,21,22,18,0,24,4,7,25,23,15,17,22,43,12,20,21,14,0,26,0,3,27,21,12,15,23,43,32,25,27,33,0,0,1,2,3,24,25,26,27,43,33,27,31,34,0,4,5,6,7,27,26,28,29,43,34,31,29,35,0,8,9,10,11,29,28,30,31,43,35,29,25,32,0,12,13,14,15,31,30,25,24,43,31,27,25,29,0,16,17,18,19,28,26,25,30,43,28,35,32,24,0,20,12,15,21,32,31,24,33,43,30,34,35,28,0,22,8,11,23,34,29,31,32,43,26,33,34,30,0,24,4,7,25,35,27,29,34,43,24,32,33,26,0,26,0,3,27,33,24,27,35,43,36,48,52,37,0,28,29,30,31,36,37,38,39,43,37,52,46,38,0,31,30,32,33,39,38,40,41,43,38,46,49,39,0,33,32,34,35,41,40,42,43,43,39,49,45,40,0,35,34,36,37,43,42,44,45,43,40,45,47,42,0,37,36,38,39,45,44,46,47,43,42,47,51,43,0,39,38,40,41,47,46,48,49,43,43,51,50,44,0,41,40,42,43,49,48,50,51,43,44,50,48,36,0,43,42,29,28,51,50,37,36,42,44,36,37,0,51,44,45,51,36,39,42,37,38,39,0,45,46,47,39,41,43,42,39,40,42,0,47,48,49,43,45,47,42,42,43,44,0,49,50,51,47,49,51,42,44,37,39,0,51,45,47,51,39,43,42,39,42,44,0,47,49,51,43,47,51,42,50,51,41,0,42,40,52,50,48,52,42,45,49,41,0,36,34,52,44,42,52,42,52,48,41,0,30,29,52,38,37,52,42,48,50,41,0,29,42,52,37,50,52,42,47,45,41,0,38,36,52,46,44,52,42,46,52,41,0,32,30,52,40,38,52,42,51,47,41,0,40,38,52,48,46,52,42,49,46,41,0,34,32,52,42,40,52],
    "name": "Cube.013Geometry.5",
    "uvs": [[0.977191,0.402687,0.97717,0.46186,0.970185,0.461857,0.970205,0.402685,0.904917,0.402586,0.898193,0.461375,0.866936,0.461375,0.860213,0.402586,0.984334,0.402685,0.984334,0.461857,0.977349,0.461857,0.977349,0.402685,0.963305,0.402586,0.956581,0.461375,0.925325,0.461375,0.918601,0.402586,0.956462,0.460638,0.925205,0.460638,0.925205,0.453653,0.956462,0.453653,0.97011,0.160081,0.911796,0.160081,0.984334,0.160081,0.977349,0.160081,0.911722,0.160081,0.853407,0.160081,0.977274,0.160084,0.970289,0.160081,0.918254,0.114407,0.934434,0.07972,0.948312,0.078439,0.961399,0.114407,0.957219,0.06772,0.991907,0.083899,0.955938,0.053842,0.991907,0.040755,0.945219,0.044934,0.961399,0.010247,0.931341,0.046215,0.918254,0.010247,0.922433,0.056934,0.887746,0.040754,0.923715,0.070812,0.887746,0.083899,0.863801,0.02356,0.882222,0.041981,0.882222,0.068031,0.863801,0.086452,0.837751,0.086452,0.81933,0.068031,0.81933,0.041981,0.837751,0.02356,0.939826,0.062327]]
}