{
    "name": "Cube.006Geometry",
    "normals": [0.680441,-0.224403,0.697562,0.375591,-0.719962,0.583575,0.375591,-0.719962,-0.583575,0.680441,-0.224403,-0.697562,-0.672628,-0.45497,-0.583575,-0.705344,0.125889,-0.697562,-0.672628,-0.45497,0.583575,-0.705344,0.125889,0.697562,0.686483,-0.194189,0.700705,-0.69631,0.15537,0.700705,-0.69631,0.15537,-0.700705,0.686483,-0.194189,-0.700705,-0.137852,0.703116,0.697562,0.443495,0.680227,0.583575,0.443495,0.680227,-0.583575,-0.137852,0.703116,-0.697562,0.726218,-0.363323,-0.583575,0.235908,-0.676534,-0.697562,0.726218,-0.363323,0.583575,0.235908,-0.676534,0.697562,0.205786,-0.683096,0.700705,-0.16715,0.693564,0.700705,0.205786,-0.683096,-0.700705,-0.16715,0.693564,-0.700705,-0.538163,-0.473006,0.697562,-0.811029,0.040803,0.583575,-0.811029,0.040803,-0.583575,-0.538163,-0.473006,-0.697562,-0.051576,0.810389,-0.583575,0.465835,0.544389,-0.697562,-0.051576,0.810389,0.583575,0.465835,0.544389,0.697562,0.486679,0.521653,0.700705,-0.515152,-0.493545,0.700705,0.486679,0.521653,-0.700705,-0.515152,-0.493545,-0.700705,-0.60387,0.595904,-0.529313,-0.640126,0.631672,0.437208,-0.005951,0.899319,0.437208,-0.005615,0.848384,-0.529313,0.631672,0.640126,0.437208,0.595904,0.60387,-0.529344,0.899319,0.005951,0.437208,0.848384,0.005615,-0.529344,0.640126,-0.631672,0.437208,0.60387,-0.595904,-0.529344,0.005951,-0.899319,0.437208,0.005615,-0.848384,-0.529344,-0.631672,-0.640126,0.437208,-0.595904,-0.60387,-0.529344,-0.899319,-0.005951,0.437208,-0.848384,-0.005615,-0.529313,0,0,1],
    "metadata": {
        "vertices": 53,
        "version": 3,
        "normals": 53,
        "faces": 49,
        "type": "Geometry",
        "generator": "io_three",
        "uvs": 1,
        "materials": 1
    },
    "uvs": [[0.977191,0.402687,0.97717,0.46186,0.970185,0.461857,0.970205,0.402685,0.904917,0.402586,0.898193,0.461375,0.866936,0.461375,0.860213,0.402586,0.984334,0.402685,0.984334,0.461857,0.977349,0.461857,0.977349,0.402685,0.963305,0.402586,0.956581,0.461375,0.925325,0.461375,0.918601,0.402586,0.956462,0.460638,0.925205,0.460638,0.925205,0.453653,0.956462,0.453653,0.97011,0.160081,0.911796,0.160081,0.984334,0.160081,0.977349,0.160081,0.911722,0.160081,0.853407,0.160081,0.977274,0.160084,0.970289,0.160081,0.918254,0.114407,0.934434,0.07972,0.948312,0.078439,0.961399,0.114407,0.957219,0.06772,0.991907,0.083899,0.955938,0.053842,0.991907,0.040755,0.945219,0.044934,0.961399,0.010247,0.931341,0.046215,0.918254,0.010247,0.922433,0.056934,0.887746,0.040754,0.923715,0.070812,0.887746,0.083899,0.863801,0.02356,0.882222,0.041981,0.882222,0.068031,0.863801,0.086452,0.837751,0.086452,0.81933,0.068031,0.81933,0.041981,0.837751,0.02356,0.939826,0.062327]],
    "vertices": [-1.96451,0.492573,2.49426,-2.27393,-0.534976,2.49426,-1.96451,0.492573,2.46941,-2.27393,-0.534976,2.46941,-2.16567,0.543428,2.49426,-2.38175,-0.507718,2.49426,-2.16567,0.543428,2.46941,-2.38175,-0.507718,2.46941,-2.19947,-0.33804,2.49426,-2.19947,-0.33804,2.46941,-2.35368,-0.299055,2.46941,-2.35368,-0.299055,2.49426,-1.87135,0.842782,2.49426,-0.824021,1.07666,2.49426,-1.87135,0.842782,2.46941,-0.824021,1.07666,2.46941,-1.81709,0.642512,2.49426,-0.794938,0.969318,2.49426,-1.81709,0.642512,2.46941,-0.794938,0.969318,2.46941,-1.03218,1.04505,2.49426,-1.03218,1.04505,2.46941,-0.990583,0.891525,2.46941,-0.990583,0.891525,2.49426,-2.22313,0.749261,2.49426,-2.95238,1.53652,2.49426,-2.22313,0.749261,2.46941,-2.95238,1.53652,2.46941,-2.07739,0.89695,2.49426,-2.87427,1.61569,2.49426,-2.07739,0.89695,2.46941,-2.87427,1.61569,2.46941,-2.8203,1.37257,2.49426,-2.8203,1.37257,2.46941,-2.70857,1.48579,2.46941,-2.70857,1.48579,2.49426,-2.19602,0.868263,2.45383,-2.022,0.941701,2.45383,-1.84702,0.870581,2.45383,-1.77358,0.696564,2.45383,-1.84471,0.521588,2.45383,-2.02036,0.694925,2.90876,-2.01872,0.44815,2.45383,-2.1937,0.51927,2.45383,-2.26714,0.693286,2.45383,-1.88854,0.564845,2.68252,-1.89028,0.826745,2.68252,-2.01913,0.509734,2.68252,-2.15218,0.825005,2.68252,-1.83517,0.696155,2.68252,-2.20555,0.693695,2.68252,-2.15044,0.563106,2.68252,-2.02159,0.880116,2.68252],
    "materials": [{
        "DbgColor": 15658734,
        "transparent": false,
        "specularCoef": 50,
        "DbgIndex": 0,
        "shading": "phong",
        "DbgName": "spitfire",
        "wireframe": false,
        "visible": true,
        "colorAmbient": [0.64,0.64,0.64],
        "depthTest": true,
        "opacity": 1,
        "colorSpecular": [0.5,0.5,0.5],
        "colorEmissive": [0,0,0],
        "blending": "NormalBlending",
        "colorDiffuse": [0.64,0.64,0.64],
        "depthWrite": true
    }],
    "faces": [43,8,1,3,9,0,0,1,2,3,0,1,2,3,43,9,3,7,10,0,4,5,6,7,3,2,4,5,43,10,7,5,11,0,8,9,10,11,5,4,6,7,43,11,5,1,8,0,12,13,14,15,7,6,1,0,43,7,3,1,5,0,16,17,18,19,4,2,1,6,43,8,0,4,11,0,15,21,20,12,0,8,9,7,43,6,10,11,4,0,22,8,11,23,10,5,7,9,43,2,9,10,6,0,24,4,7,25,11,3,5,10,43,0,8,9,2,0,26,0,3,27,8,0,3,11,43,20,13,15,21,0,0,1,2,3,12,13,14,15,43,21,15,19,22,0,4,5,6,7,15,14,16,17,43,22,19,17,23,0,8,9,10,11,17,16,18,19,43,23,17,13,20,0,12,13,14,15,19,18,13,12,43,19,15,13,17,0,16,17,18,19,16,14,13,18,43,16,23,20,12,0,20,12,15,21,20,19,12,21,43,18,22,23,16,0,22,8,11,23,22,17,19,20,43,14,21,22,18,0,24,4,7,25,23,15,17,22,43,12,20,21,14,0,26,0,3,27,21,12,15,23,43,32,25,27,33,0,0,1,2,3,24,25,26,27,43,33,27,31,34,0,4,5,6,7,27,26,28,29,43,34,31,29,35,0,8,9,10,11,29,28,30,31,43,35,29,25,32,0,12,13,14,15,31,30,25,24,43,31,27,25,29,0,16,17,18,19,28,26,25,30,43,28,35,32,24,0,20,12,15,21,32,31,24,33,43,30,34,35,28,0,22,8,11,23,34,29,31,32,43,26,33,34,30,0,24,4,7,25,35,27,29,34,43,24,32,33,26,0,26,0,3,27,33,24,27,35,43,36,48,52,37,0,28,29,30,31,36,37,38,39,43,37,52,46,38,0,31,30,32,33,39,38,40,41,43,38,46,49,39,0,33,32,34,35,41,40,42,43,43,39,49,45,40,0,35,34,36,37,43,42,44,45,43,40,45,47,42,0,37,36,38,39,45,44,46,47,43,42,47,51,43,0,39,38,40,41,47,46,48,49,43,43,51,50,44,0,41,40,42,43,49,48,50,51,43,44,50,48,36,0,43,42,29,28,51,50,37,36,42,44,36,37,0,51,44,45,51,36,39,42,37,38,39,0,45,46,47,39,41,43,42,39,40,42,0,47,48,49,43,45,47,42,42,43,44,0,49,50,51,47,49,51,42,44,37,39,0,51,45,47,51,39,43,42,39,42,44,0,47,49,51,43,47,51,42,50,51,41,0,42,40,52,50,48,52,42,45,49,41,0,36,34,52,44,42,52,42,52,48,41,0,30,29,52,38,37,52,42,48,50,41,0,29,42,52,37,50,52,42,47,45,41,0,38,36,52,46,44,52,42,46,52,41,0,32,30,52,40,38,52,42,51,47,41,0,40,38,52,48,46,52,42,49,46,41,0,34,32,52,42,40,52]
}