{
    "normals":[0,1,0,1,0,0,-1,0,0,0,-1,0,-0,0,-1,-0.707107,0.707107,0,0,0.707107,-0.707107,0.707107,0.707107,0,0,0.707107,0.707107,0,0,1,0.187567,-0.794641,0.577349,-0.16245,-0.850642,0.499985,0.425306,-0.850642,0.309,0.723594,-0.447188,0.525712,0.262856,-0.525712,0.809015,-0.276376,-0.447188,0.850642,0.607044,-0.794641,0,0.850642,-0.525712,0,0.425306,-0.850642,-0.309,0.723594,-0.447188,-0.525712,-0.491104,-0.794641,0.356822,-0.525712,-0.850642,0,-0.688162,-0.525712,0.499985,-0.894406,-0.447188,0,-0.491104,-0.794641,-0.356822,-0.16245,-0.850642,-0.499985,-0.688162,-0.525712,-0.499985,-0.276376,-0.447188,-0.850642,0.187567,-0.794641,-0.577349,0.262856,-0.525712,-0.809015,0.982238,-0.187567,0,0.951048,0,0.309,0.951048,0,-0.309,0.894406,0.447188,0,0.303507,-0.187567,0.934172,0,0,0.999969,0.587756,0,0.809015,0.276376,0.447188,0.850642,-0.794641,-0.187567,0.577349,-0.951048,0,0.309,-0.587756,0,0.809015,-0.723594,0.447188,0.525712,-0.794641,-0.187567,-0.577349,-0.587756,0,-0.809015,-0.951048,0,-0.309,-0.723594,0.447188,-0.525712,0.303507,-0.187567,-0.934172,0.587756,0,-0.809015,0,0,-1,0.276376,0.447188,-0.850642,0.794641,0.187567,0.577349,0.688162,0.525712,0.499985,-0.303507,0.187567,0.934172,-0.262856,0.525712,0.809015,-0.982238,0.187567,0,-0.850642,0.525712,0,-0.303507,0.187567,-0.934172,-0.262856,0.525712,-0.809015,0.794641,0.187567,-0.577349,0.688162,0.525712,-0.499985,0.491104,0.794641,0.356822,0.16245,0.850642,0.499985,0.525712,0.850642,0,-0.187567,0.794641,0.577349,-0.425306,0.850642,0.309,-0.607044,0.794641,0,-0.425306,0.850642,-0.309,-0.187567,0.794641,-0.577349,0.16245,0.850642,-0.499985,0.491104,0.794641,-0.356822,0,-0.630238,-0.77636,0,0.630238,-0.77636,0.548967,0.630238,-0.548967,0.548967,-0.630238,-0.548967,0.77636,0.630238,0,0.77636,-0.630238,0,0.548967,0.630238,0.548967,0.548967,-0.630238,0.548967,0,0.630238,0.77636,0,-0.630238,0.77636,-0.548967,0.630238,0.548967,-0.548967,-0.630238,0.548967,-0.77636,0.630238,0,-0.77636,-0.630238,0,-0.548967,0.630238,-0.548967,-0.548967,-0.630238,-0.548967],
    "vertices":[-0.29348,0.00254005,0.29348,-0.29348,0.00254005,-0.29348,0.29348,0.00254005,0.29348,0.29348,0.00254005,-0.29348,-0.229366,0.5895,0.229366,-0.29348,0.525386,0.29348,-0.229366,0.5895,-0.229366,-0.29348,0.525386,-0.29348,0.229366,0.5895,0.229366,0.29348,0.525386,0.29348,0.229366,0.5895,-0.229366,0.29348,0.525386,-0.29348,0.0146411,3.53172,0.0450596,0.0473789,3.53172,-1.54575e-07,-0.0383304,3.53172,0.0278484,-0.0383304,3.53172,-0.0278487,0.0146411,3.53172,-0.0450599,0.0766609,3.5791,-1.56646e-07,0.0236894,3.5791,0.0729081,-0.0620198,3.5791,0.0450596,-0.0620198,3.5791,-0.0450599,0.0236894,3.5791,-0.0729084,0.0620198,3.60838,0.0450596,-0.0236894,3.60838,0.0729081,-0.0766609,3.60838,-1.57926e-07,-0.0236894,3.60838,-0.0729084,0.0620198,3.60838,-0.0450599,0.0383304,3.65576,0.0278484,-0.0146411,3.65576,0.0450596,-0.0473789,3.65576,-1.59997e-07,-0.0146411,3.65576,-0.0450599,0.0383304,3.65576,-0.0278487,-0.0127086,3.5272,0.0391133,0.0332721,3.5272,0.0241732,0.0205634,3.55262,0.0632866,0.0665441,3.55262,-1.55488e-07,0.0332721,3.5272,-0.0241735,-0.0411267,3.5272,-1.54377e-07,-0.0538353,3.55262,0.0391133,-0.0127086,3.5272,-0.0391136,-0.0538353,3.55262,-0.0391136,0.0205634,3.55262,-0.0632869,0.0743987,3.59374,0.0241732,0.0743987,3.59374,-0.0241735,-3.97337e-10,3.59374,0.0782268,0.0459807,3.59374,0.0632866,-0.0743987,3.59374,0.0241732,-0.0459807,3.59374,0.0632866,-0.0459807,3.59374,-0.0632869,-0.0743987,3.59374,-0.0241735,0.0459807,3.59374,-0.0632869,-3.97337e-10,3.59374,-0.0782271,0.0538353,3.63487,0.0391133,-0.0205634,3.63487,0.0632866,-0.0665441,3.63487,-1.59084e-07,-0.0205634,3.63487,-0.0632869,0.0538353,3.63487,-0.0391136,0.0127086,3.66029,0.0391133,0.0411267,3.66029,-1.60195e-07,-0.0332721,3.66029,0.0241732,-0.0332721,3.66029,-0.0241735,0.0127086,3.66029,-0.0391136,3.22684e-08,3.51363,-1.54018e-07,0.0579732,3.55791,0.0421194,-0.0221435,3.55791,0.0681511,-0.0716591,3.55791,-1.5572e-07,-0.0221435,3.55791,-0.0681514,0.0579732,3.55791,-0.0421197,0.0221435,3.62957,0.0681511,-0.0579732,3.62957,0.0421194,-0.0579732,3.62957,-0.0421197,0.0221435,3.62957,-0.0681514,0.0716591,3.62957,-1.58852e-07,-3.2946e-08,3.67386,-1.61022e-07,0,0.559716,-0.0375731,0,3.55491,-0.0375733,0.0265682,0.559716,-0.0265682,0.0265682,3.55491,-0.0265684,0.0375731,0.559716,-2.28236e-08,0.0375731,3.55491,-1.53748e-07,0.0265682,0.559716,0.0265682,0.0265682,3.55491,0.0265681,-3.28475e-09,0.559716,0.0375731,-3.28475e-09,3.55491,0.037573,-0.0265682,0.559716,0.0265682,-0.0265682,3.55491,0.0265681,-0.0375731,0.559716,-2.4914e-08,-0.0375731,3.55491,-1.55838e-07,-0.0265682,0.559716,-0.0265682,-0.0265682,3.55491,-0.0265684],
    "materials":[{
        "depthTest":true,
        "doubleSided":false,
        "visible":true,
        "blending":1,
        "specularCoef":50,
        "colorEmissive":[0,0,0],
        "DbgName":"concrete",
        "DbgColor":15658734,
        "colorDiffuse":[0.64,0.64,0.64],
        "depthWrite":true,
        "wireframe":false,
        "colorSpecular":[0.5,0.5,0.5],
        "shading":"phong",
        "transparent":false,
        "opacity":1,
        "DbgIndex":0
    },{
        "depthTest":true,
        "doubleSided":false,
        "visible":true,
        "blending":1,
        "specularCoef":50,
        "colorEmissive":[0,0,0],
        "DbgName":"metal",
        "DbgColor":15597568,
        "colorDiffuse":[0.64,0.64,0.64],
        "depthWrite":true,
        "wireframe":false,
        "colorSpecular":[0.5,0.5,0.5],
        "shading":"phong",
        "transparent":false,
        "opacity":1,
        "DbgIndex":1
    }],