{
    "vertices":[-0.419628,-0.033226,0.209287,-0.419628,0.0332261,0.209287,-0.105697,-0.0332261,-0.418575,-0.105697,0.033226,-0.418575,0.208234,-0.033226,0.209287,0.208234,0.0332261,0.209287],
    "metadata":{
        "faces":5,
        "type":"Geometry",
        "normals":5,
        "vertices":6,
        "materials":1,
        "uvs":0,
        "version":3,
        "generator":"io_three"
    },
    "uvs":[],
    "materials":[{
        "DbgColor":15658734,
        "colorDiffuse":[ 0.545,0,0],
        "DbgName":"triangle",
        "shading":"phong",
        "depthTest":true,
        "colorEmissive":[0,0,0],
        "specularCoef":50,
        "wireframe":false,
        "doubleSided":false,
        "visible":true,
        "transparent":false,
        "colorSpecular":[0.5,0.5,0.5],
        "depthWrite":true,
        "DbgIndex":0,
        "opacity":1,
        "blending":1
    }],
    "faces":[35,0,1,3,2,0,0,0,0,0,35,2,3,5,4,0,1,1,1,1,35,1,0,4,5,0,2,2,2,2,34,2,4,0,0,3,3,3,34,3,1,5,0,4,4,4],
    "normals":[-0.894427,0,-0.447214,0.894427,0,-0.447214,0,0,1,0,-1,4.15331e-08,0,1,-4.15331e-08]
}
