{
    "faces": [10,8,0,1,0,0,1,2,10,7,8,1,0,3,0,2,10,7,1,2,0,3,2,4,10,7,2,6,0,3,4,5,10,4,6,2,0,6,5,4,10,3,4,2,0,7,6,4,10,5,6,4,0,8,5,6,10,17,10,9,0,9,10,11,10,16,10,17,0,12,10,9,10,16,11,10,0,12,13,10,10,16,15,11,0,12,14,13,10,13,11,15,0,15,13,14,10,12,11,13,0,16,13,15,10,14,13,15,0,17,15,14,11,6,15,16,7,0,5,14,12,3,11,0,9,10,1,0,1,11,10,2,11,7,16,17,8,0,3,12,9,0,11,1,10,11,2,0,2,10,13,4,11,9,0,8,17,0,11,1,0,9,11,2,11,12,3,0,4,13,16,7,11,3,12,13,4,0,7,16,15,6,11,4,13,14,5,0,6,15,17,8,11,5,14,15,6,0,8,17,14,5,10,67,65,66,0,18,19,20,10,71,72,70,0,21,22,23,10,69,67,68,0,24,18,25,10,79,77,78,0,26,27,28,10,75,82,73,0,29,30,31,10,67,64,65,0,18,32,19,10,69,64,67,0,24,32,18,10,72,64,69,0,22,32,24,10,73,82,72,0,31,30,22,10,77,75,76,0,27,29,33,10,74,75,73,0,34,29,31,10,79,80,77,0,26,35,27,10,77,81,75,0,27,36,29,10,59,56,58,0,37,38,39,10,58,56,57,0,39,38,40,10,80,81,77,0,35,36,27,10,64,82,60,0,32,30,41,10,72,82,64,0,22,30,32,10,61,64,60,0,42,32,41,10,82,75,81,0,30,29,36,10,90,59,60,0,43,37,41,10,82,84,60,0,30,44,41,10,83,84,82,0,45,44,30,10,63,61,62,0,46,42,47,10,84,86,89,0,44,48,49,10,56,59,90,0,38,37,43,10,90,91,56,0,43,50,38,10,91,55,56,0,50,51,38,10,90,60,84,0,43,41,44,10,84,89,90,0,44,49,43,10,85,86,84,0,52,48,44,10,89,87,88,0,49,53,54,10,86,87,89,0,48,53,49,10,64,61,63,0,32,42,46,10,70,72,69,0,23,22,24,11,89,52,53,90,0,49,55,56,43,11,71,34,35,72,0,21,57,58,22,11,76,39,40,77,0,33,59,60,27,11,58,21,22,59,0,39,61,62,37,11,81,44,45,82,0,36,63,64,30,11,63,26,27,64,0,46,65,66,32,11,86,49,50,87,0,48,67,68,53,11,68,31,32,69,0,25,69,70,24,11,18,55,91,54,0,71,51,50,72,11,73,36,37,74,0,31,73,74,34,11,55,18,19,56,0,51,71,75,38,11,78,41,42,79,0,28,76,77,26,11,60,23,24,61,0,41,78,79,42,11,83,46,47,84,0,45,80,81,44,11,65,28,29,66,0,19,82,83,20,11,88,51,52,89,0,54,84,55,49,11,70,33,34,71,0,23,85,57,21,11,75,38,39,76,0,29,86,59,33,11,57,20,21,58,0,40,87,61,39,11,80,43,44,81,0,35,88,63,36,11,62,25,26,63,0,47,89,65,46,11,85,48,49,86,0,52,90,67,48,11,67,30,31,68,0,18,91,69,25,11,90,53,54,91,0,43,56,72,50,11,72,35,36,73,0,22,58,73,31,11,77,40,41,78,0,27,60,76,28,11,59,22,23,60,0,37,62,78,41,11,82,45,46,83,0,30,64,80,45,11,64,27,28,65,0,32,66,82,19,11,87,50,51,88,0,53,68,84,54,11,69,32,33,70,0,24,70,85,23,11,74,37,38,75,0,34,74,86,29,11,56,19,20,57,0,38,75,87,40,11,79,42,43,80,0,26,77,88,35,11,61,24,25,62,0,42,79,89,47,11,84,47,48,85,0,44,81,90,52,11,66,29,30,67,0,20,83,91,18],
    "uvs": [[0.829471,0.320737,0.875422,0.319226,0.889732,0.297407,0.771994,0.225787,0.927988,0.241761,0.837564,0.078301,0.917554,0.078301,0.990589,0.175681,0.907121,0.060911,0.829867,0.320737,0.890127,0.297407,0.875818,0.319226,0.77239,0.225787,0.928384,0.241761,0.83796,0.078301,0.91795,0.078301,0.990985,0.175681,0.907517,0.060911,0.623471,0.846454,0.671674,0.848117,0.635106,0.869725,0.497147,0.854765,0.488836,0.81321,0.547011,0.863076,0.581917,0.839806,0.593552,0.863076,0.010135,0.746723,0.271094,0.801575,0.246161,0.861413,0.377472,0.769994,0.40739,0.427585,0.45393,0.803237,0.688295,0.768332,0.334255,0.804899,0.412377,0.796589,0.084932,0.560559,0.307661,0.437558,0.934295,0.4841,0.894403,0.334504,0.957565,0.429248,0.957565,0.376058,0.816282,0.593803,0.832903,0.665277,0.829578,0.321206,0.548674,0.294611,0.412377,0.284638,0.769741,0.760021,0.829579,0.726778,0.623471,0.196543,0.771403,0.226462,0.876119,0.319544,0.886092,0.307909,0.575269,0.193218,0.733173,0.085177,0.839552,0.070217,0.770839,0.226462,0.829014,0.321206,0.496582,0.854765,0.488272,0.81321,0.333691,0.804899,0.270529,0.801575,0.957,0.429248,0.93373,0.4841,0.307096,0.437558,0.406826,0.427585,0.769176,0.760021,0.687731,0.768332,0.622906,0.196543,0.732609,0.085177,0.592988,0.863076,0.581353,0.839806,0.885528,0.307909,0.875555,0.319544,0.453366,0.803237,0.411812,0.796589,0.893839,0.334504,0.245597,0.861413,0.009571,0.746723,0.815717,0.593803,0.832338,0.665277,0.411812,0.284638,0.548109,0.294611,0.671109,0.848117,0.634542,0.869725,0.838987,0.070217,0.546447,0.863076,0.376907,0.769994,0.957,0.376058,0.084368,0.560559,0.829014,0.726778,0.574704,0.193218,0.622906,0.846454]],
    "name": "Cube.144Geometry.3",
    "vertices": [-1.93405,-0.007047,1.30215,-1.92648,-0.007076,1.31369,-1.90623,-0.00718,1.34314,-1.8731,-0.007351,1.37811,-1.91176,-0.007152,1.42965,-1.91728,-0.007123,1.43885,-1.95409,-0.006933,1.42965,-1.98879,-0.006772,1.3516,-1.95837,-0.006914,1.30134,-1.93384,0.033547,1.30215,-1.92627,0.033518,1.31369,-1.90602,0.033414,1.34314,-1.87289,0.033243,1.37811,-1.91155,0.033442,1.42965,-1.91707,0.033471,1.43885,-1.95388,0.033661,1.42965,-1.98858,0.033822,1.3516,-1.95816,0.03368,1.30134,-1.92858,0.007548,1.30797,-1.92414,0.007525,1.29377,-1.89041,0.007351,1.27158,-1.89041,0.007351,1.24318,-1.90284,0.007416,1.21389,-1.96585,0.007741,1.15532,-1.95698,0.007695,1.11715,-1.95875,0.007704,1.08431,-1.9907,0.007869,1.06656,-2.03419,0.008093,1.06213,-2.04306,0.008139,1.01953,-2.06259,0.00824,1.00799,-2.0688,0.008272,1.02041,-2.08478,0.008354,1.01154,-2.09099,0.008386,1.02396,-2.10963,0.008482,1.01154,-2.13625,0.00862,1.01598,-2.14069,0.008642,1.03816,-2.15933,0.008739,1.04349,-2.18152,0.008853,1.04704,-2.20015,0.008949,1.06124,-2.22323,0.009068,1.0426,-2.25695,0.009242,1.04438,-2.27027,0.009311,1.01242,-2.39629,0.009961,1.07366,-2.35635,0.009755,1.17307,-2.23743,0.009142,1.23874,-2.18418,0.008867,1.24407,-2.18152,0.008853,1.32039,-2.10874,0.008478,1.31507,-2.09454,0.008404,1.36921,-2.0688,0.008272,1.36743,-2.01023,0.007969,1.4269,-1.95343,0.007676,1.43488,-1.98981,0.007864,1.35146,-1.95875,0.007704,1.30087,-1.9339,0.007576,1.30175,-1.92827,0.032929,1.30797,-1.92384,0.032906,1.29377,-1.89011,0.032732,1.27158,-1.89011,0.032732,1.24318,-1.90254,0.032796,1.21389,-1.96555,0.033122,1.15532,-1.95667,0.033076,1.11715,-1.95845,0.033085,1.08431,-1.9904,0.03325,1.06656,-2.03389,0.033474,1.06213,-2.04276,0.03352,1.01953,-2.06229,0.033621,1.00799,-2.0685,0.033653,1.02041,-2.08448,0.033735,1.01154,-2.09069,0.033767,1.02396,-2.10933,0.033863,1.01154,-2.13595,0.034001,1.01598,-2.14039,0.034023,1.03816,-2.15903,0.03412,1.04349,-2.18121,0.034234,1.04704,-2.19985,0.03433,1.06124,-2.22293,0.034449,1.0426,-2.25665,0.034623,1.04438,-2.26997,0.034692,1.01242,-2.39599,0.035342,1.07366,-2.35605,0.035136,1.17307,-2.23713,0.034522,1.23874,-2.18388,0.034248,1.24407,-2.18121,0.034234,1.32039,-2.10844,0.033859,1.31507,-2.09424,0.033785,1.36921,-2.0685,0.033653,1.36743,-2.00993,0.03335,1.4269,-1.95312,0.033057,1.43488,-1.98951,0.033245,1.35146,-1.95845,0.033085,1.30087,-1.9336,0.032957,1.30175],
    "materials": [{
        "wireframe": false,
        "visible": true,
        "shading": "phong",
        "colorDiffuse": [0.64,0.64,0.64],
        "blending": "NormalBlending",
        "DbgColor": 15658734,
        "doubleSided": true,
        "transparent": false,
        "colorSpecular": [0.5,0.5,0.5],
        "depthTest": true,
        "specularCoef": 50,
        "depthWrite": true,
        "DbgName": "belgium",
        "opacity": 1,
        "colorEmissive": [0,0,0],
        "DbgIndex": 0

    }],
    "metadata": {
        "generator": "io_three",
        "type": "Geometry",
        "faces": 95,
        "version": 3,
        "vertices": 92,
        "materials": 1,
        "uvs": 1
    }
}
