{
    "faces": [10,29,30,31,0,0,1,2,10,31,32,33,0,2,3,4,10,31,33,34,0,2,4,5,10,56,57,29,0,27,28,0,10,29,31,34,0,0,2,5,10,35,36,37,0,6,7,8,10,29,34,35,0,0,5,6,10,55,56,29,0,26,27,0,10,53,54,55,0,24,25,26,10,50,51,52,0,21,22,23,10,52,53,55,0,23,24,26,10,55,29,35,0,26,0,6,10,37,38,39,0,8,9,10,10,55,35,37,0,26,6,8,10,50,52,55,0,21,23,26,10,47,48,49,0,18,19,20,10,49,50,55,0,20,21,26,10,37,39,40,0,8,10,11,10,41,42,43,0,12,13,14,10,37,40,41,0,8,11,12,10,47,49,55,0,18,20,26,10,46,47,55,0,17,18,26,10,41,43,44,0,12,14,15,10,45,46,55,0,16,17,26,10,41,44,45,0,12,15,16,10,45,55,37,0,16,26,8,10,37,41,45,0,8,12,16,11,42,13,14,43,0,13,29,30,14,11,37,8,9,38,0,8,31,32,9,11,32,3,4,33,0,3,33,34,4,11,53,24,25,54,0,24,35,36,25,11,48,19,20,49,0,19,37,38,20,11,43,14,15,44,0,14,30,39,15,11,38,9,10,39,0,9,32,40,10,11,33,4,5,34,0,4,34,41,5,11,54,25,26,55,0,25,36,42,26,11,49,20,21,50,0,20,38,43,21,11,44,15,16,45,0,15,39,44,16,11,39,10,11,40,0,10,40,45,11,11,34,5,6,35,0,5,41,46,6,11,29,0,1,30,0,0,47,48,1,11,55,26,27,56,0,26,42,49,27,11,50,21,22,51,0,21,43,50,22,11,45,16,17,46,0,16,44,51,17,11,40,11,12,41,0,11,45,52,12,11,35,6,7,36,0,6,46,53,7,11,30,1,2,31,0,1,48,54,2,11,56,27,28,57,0,27,49,55,28,11,51,22,23,52,0,22,50,56,23,11,46,17,18,47,0,17,51,57,18,11,41,12,13,42,0,12,52,29,13,11,36,7,8,37,0,7,53,31,8,11,31,2,3,32,0,2,54,33,3,11,0,29,57,28,0,47,0,28,55,11,52,23,24,53,0,23,56,35,24,11,47,18,19,48,0,18,57,37,19],
    "uvs": [[0.577663,0.348257,0.849028,0.363333,0.870135,0.396501,0.918378,0.393485,0.936469,0.420623,0.888226,0.489972,0.885211,0.59852,0.918378,0.670886,0.852043,0.679931,0.836968,0.746266,0.78571,0.761342,0.722391,0.722144,0.598768,0.719129,0.469115,0.779433,0.405797,0.752296,0.472131,0.652794,0.444995,0.595505,0.297252,0.601535,0.28519,0.643748,0.249009,0.625658,0.233933,0.59852,0.131416,0.60455,0.092219,0.577413,0.095234,0.462835,0.083173,0.3965,0.037946,0.363333,0.083173,0.330165,0.221871,0.290968,0.405797,0.300013,0.46862,0.779433,0.405301,0.752296,0.851548,0.679931,0.836473,0.746266,0.917883,0.393485,0.935974,0.420623,0.082678,0.3965,0.03745,0.363333,0.248513,0.625658,0.233437,0.59852,0.471636,0.652794,0.785214,0.761342,0.887731,0.489972,0.082678,0.330165,0.130921,0.60455,0.444499,0.595505,0.721895,0.722144,0.884716,0.59852,0.577168,0.348257,0.848533,0.363333,0.221376,0.290968,0.091723,0.577413,0.296756,0.601535,0.598273,0.719129,0.917883,0.670886,0.86964,0.396501,0.405302,0.300013,0.094739,0.462835,0.284695,0.643748]],
    "name": "Cube.005Geometry",
    "vertices": [-0.036076,-0.009102,0.333412,0.078841,-0.009694,0.327027,0.087779,-0.00974,0.312982,0.108209,-0.009846,0.314259,0.11587,-0.009885,0.302767,0.09544,-0.00978,0.273399,0.094163,-0.009773,0.227431,0.108209,-0.009846,0.196786,0.080117,-0.009701,0.192955,0.073733,-0.009668,0.164864,0.052027,-0.009556,0.15848,0.025213,-0.009418,0.175079,-0.027139,-0.009148,0.176356,-0.082044,-0.008864,0.150819,-0.108858,-0.008726,0.16231,-0.080766,-0.008871,0.204447,-0.092258,-0.008812,0.228708,-0.154824,-0.008489,0.226154,-0.159932,-0.008463,0.208278,-0.175254,-0.008384,0.215939,-0.181638,-0.008351,0.227431,-0.225052,-0.008127,0.224877,-0.241651,-0.008041,0.236369,-0.240374,-0.008048,0.284891,-0.245481,-0.008021,0.312982,-0.264634,-0.007922,0.327028,-0.245481,-0.008021,0.341073,-0.186746,-0.008324,0.357672,-0.108857,-0.008726,0.353842,-0.035866,0.03154,0.333412,0.079051,0.030948,0.327027,0.087989,0.030902,0.312982,0.108418,0.030796,0.314259,0.11608,0.030757,0.302767,0.09565,0.030862,0.273399,0.094373,0.030869,0.227431,0.108418,0.030796,0.196786,0.080327,0.030941,0.192955,0.073943,0.030974,0.164864,0.052237,0.031086,0.15848,0.025422,0.031224,0.175079,-0.026929,0.031494,0.176356,-0.081834,0.031778,0.150819,-0.108648,0.031916,0.16231,-0.080557,0.031771,0.204447,-0.092048,0.03183,0.228708,-0.154614,0.032153,0.226154,-0.159722,0.032179,0.208278,-0.175044,0.032258,0.215939,-0.181428,0.032291,0.227431,-0.224842,0.032515,0.224877,-0.241441,0.032601,0.236369,-0.240164,0.032594,0.284891,-0.245271,0.032621,0.312982,-0.264424,0.03272,0.327028,-0.245271,0.032621,0.341073,-0.186536,0.032318,0.357672,-0.108648,0.031916,0.353842],
    "materials": [{
        "wireframe": false,
        "visible": true,
        "shading": "lambert",
        "colorDiffuse": [0.64,0.64,0.64],
        "blending": "NormalBlending",
        "DbgColor": 15658734,
        "doubleSided": true,
        "transparent": false,
        "colorSpecular": [0.5,0.5,0.5],
        "depthTest": true,
        "specularCoef": 50,
        "depthWrite": true,
        "DbgName": "eastprussia",
        "opacity": 1,
        "colorEmissive": [0,0,0],
        "DbgIndex": 0,
        "colorAmbient": [0.64,0.64,0.64]
    }],
    "metadata": {
        "generator": "io_three",
        "type": "Geometry",
        "faces": 56,
        "version": 3,
        "vertices": 58,
        "materials": 1,
        "uvs": 1
    }
}