{
    "faces": [10,15,13,14,0,0,1,2,10,12,13,15,0,3,1,0,10,11,12,15,0,4,3,0,10,55,57,56,0,5,6,7,10,53,55,54,0,8,5,9,10,53,57,55,0,8,6,5,10,57,62,58,0,6,10,11,10,57,63,62,0,6,12,10,10,53,65,57,0,8,13,6,10,49,47,50,0,14,15,16,10,62,61,60,0,10,17,18,10,50,52,51,0,16,19,20,10,50,53,52,0,16,8,19,10,53,67,65,0,8,21,13,10,48,47,49,0,22,15,14,10,92,90,93,0,23,24,25,10,47,73,50,0,15,26,16,10,91,90,92,0,27,24,23,10,65,67,66,0,13,21,28,10,67,53,69,0,21,8,29,10,69,53,73,0,29,8,26,10,89,87,90,0,30,31,24,10,84,93,90,0,32,25,24,10,88,87,89,0,33,31,30,10,86,90,87,0,34,24,31,10,86,84,90,0,34,32,24,10,85,84,86,0,35,32,34,10,50,73,53,0,16,26,8,10,83,93,84,0,36,25,32,10,67,69,68,0,21,29,37,10,75,93,78,0,38,25,39,10,81,83,82,0,40,36,41,10,80,83,81,0,42,36,40,10,75,47,93,0,38,15,25,10,73,75,74,0,26,38,43,10,79,83,80,0,44,36,42,10,59,62,60,0,45,10,18,10,79,93,83,0,44,25,36,10,78,93,79,0,39,25,44,10,57,65,63,0,6,13,12,10,70,69,71,0,46,29,47,10,75,77,76,0,38,48,49,10,72,71,73,0,50,47,26,10,71,69,73,0,47,29,26,10,73,47,75,0,26,15,38,10,78,77,75,0,39,48,38,10,63,65,64,0,12,13,51,10,58,62,59,0,11,10,45,11,31,78,79,32,0,52,39,44,53,11,13,60,61,14,0,1,18,17,2,11,36,83,84,37,0,54,36,32,55,11,18,65,66,19,0,56,13,28,57,11,0,47,48,1,0,58,15,22,59,11,41,88,89,42,0,60,33,30,61,11,23,70,71,24,0,62,46,47,63,11,5,52,53,6,0,64,19,8,65,11,47,0,46,93,0,15,58,66,25,11,28,75,76,29,0,67,38,49,68,11,10,57,58,11,0,69,6,11,4,11,33,80,81,34,0,70,42,40,71,11,15,62,63,16,0,0,10,12,72,11,38,85,86,39,0,73,35,34,74,11,20,67,68,21,0,75,21,37,76,11,2,49,50,3,0,77,14,16,78,11,43,90,91,44,0,79,24,27,80,11,25,72,73,26,0,81,50,26,82,11,7,54,55,8,0,83,9,5,84,11,30,77,78,31,0,85,48,39,52,11,12,59,60,13,0,3,45,18,1,11,35,82,83,36,0,86,41,36,54,11,17,64,65,18,0,87,51,13,56,11,40,87,88,41,0,88,31,33,60,11,22,69,70,23,0,89,29,46,62,11,4,51,52,5,0,90,20,19,64,11,45,92,93,46,0,91,23,25,66,11,27,74,75,28,0,92,43,38,67,11,9,56,57,10,0,93,7,6,69,11,32,79,80,33,0,53,44,42,70,11,14,61,62,15,0,2,17,10,0,11,37,84,85,38,0,55,32,35,73,11,19,66,67,20,0,57,28,21,75,11,1,48,49,2,0,59,22,14,77,11,42,89,90,43,0,61,30,24,79,11,24,71,72,25,0,63,47,50,81,11,6,53,54,7,0,65,8,9,83,11,29,76,77,30,0,68,49,48,85,11,11,58,59,12,0,4,11,45,3,11,34,81,82,35,0,71,40,41,86,11,16,63,64,17,0,72,12,51,87,11,39,86,87,40,0,74,34,31,88,11,21,68,69,22,0,76,37,29,89,11,3,50,51,4,0,78,16,20,90,11,44,91,92,45,0,80,27,23,91,11,26,73,74,27,0,82,26,43,92,11,8,55,56,9,0,84,5,7,93],
    "uvs": [[0.91257,0.663593,0.990937,0.710061,0.950302,0.65488,0.953205,0.773954,0.874838,0.776859,0.736981,0.800093,0.806641,0.77105,0.766006,0.811709,0.557027,0.666497,0.655711,0.805901,0.91113,0.663593,0.873397,0.776859,0.885007,0.625838,0.844373,0.529997,0.394488,0.640359,0.400293,0.585178,0.50188,0.65488,0.948862,0.65488,0.989496,0.710061,0.522198,0.69554,0.504783,0.701348,0.800836,0.373168,0.382878,0.61422,0.1739,0.620029,0.130363,0.535806,0.24356,0.556135,0.562832,0.256998,0.141973,0.608412,0.844373,0.384785,0.731176,0.297658,0.072313,0.544518,0.086826,0.506763,0.072313,0.428348,0.049093,0.521285,0.078118,0.483529,0.054898,0.44287,0.066508,0.396402,0.795031,0.309274,0.446733,0.178583,0.275487,0.172774,0.049093,0.329604,0.008459,0.344125,0.078118,0.283136,0.51349,0.198913,0.226145,0.178583,0.951764,0.773954,0.713761,0.262806,0.652809,0.254094,0.345146,0.137924,0.409001,0.146636,0.577344,0.245381,0.890812,0.55904,0.276928,0.172774,0.227585,0.178583,0.067949,0.396402,0.073754,0.428348,0.845813,0.529997,0.845813,0.384785,0.401734,0.585178,0.384319,0.61422,0.050534,0.521285,0.073754,0.544518,0.715202,0.262806,0.65425,0.254094,0.523638,0.69554,0.558468,0.666497,0.245,0.556135,0.448174,0.178583,0.410441,0.146636,0.808081,0.77105,0.079559,0.283136,0.050534,0.329604,0.886448,0.625838,0.056339,0.44287,0.079559,0.483529,0.802276,0.373168,0.796471,0.309274,0.395929,0.640359,0.503321,0.65488,0.131803,0.535806,0.143413,0.608412,0.578785,0.245381,0.564273,0.256998,0.657152,0.805901,0.738421,0.800093,0.346587,0.137924,0.009899,0.344125,0.892253,0.55904,0.088266,0.506763,0.732617,0.297658,0.506223,0.701348,0.17534,0.620029,0.514931,0.198913,0.767446,0.811709]],
    "name": "Cube.069Geometry.1",
    "vertices": [-0.192757,-0.008197,1.72327,-0.209332,-0.008111,1.69565,-0.198282,-0.008168,1.67078,-0.096066,-0.008696,1.65697,-0.093304,-0.00871,1.61277,-0.076728,-0.008795,1.6183,-0.043577,-0.008966,1.64592,0.05035,-0.009451,1.51332,0.127702,-0.00985,1.51884,0.155328,-0.009993,1.50779,0.194004,-0.010192,1.54647,0.257544,-0.01052,1.54094,0.332133,-0.010905,1.5437,0.368047,-0.01109,1.60448,0.329371,-0.01089,1.65697,0.293457,-0.010705,1.64868,0.268594,-0.010577,1.6846,0.274119,-0.010605,1.74814,0.229918,-0.010377,1.77576,0.229918,-0.010377,1.91389,0.188479,-0.010164,1.92495,0.182954,-0.010135,1.98572,0.122178,-0.009821,1.99677,0.105602,-0.009736,2.02992,0.047588,-0.009437,2.03821,-0.024239,-0.009066,2.0465,-0.038052,-0.008995,2.03545,-0.085016,-0.008753,2.0907,-0.148555,-0.008425,2.11004,-0.184469,-0.00824,2.14043,-0.245245,-0.007926,2.14872,-0.311547,-0.007584,2.11557,-0.358511,-0.007342,2.11004,-0.499403,-0.006615,2.01059,-0.527029,-0.006472,1.96639,-0.565705,-0.006273,1.95257,-0.510453,-0.006558,1.90284,-0.504928,-0.006586,1.87246,-0.521504,-0.006501,1.85864,-0.499403,-0.006615,1.81997,-0.491115,-0.006658,1.79787,-0.527029,-0.006472,1.78405,-0.504928,-0.006586,1.76195,-0.449677,-0.006872,1.77024,-0.438626,-0.006929,1.70117,-0.408238,-0.007085,1.69012,-0.341936,-0.007427,1.7509,-0.192554,0.031064,1.72327,-0.20913,0.03115,1.69565,-0.198079,0.031093,1.67078,-0.095864,0.030566,1.65697,-0.093101,0.030551,1.61277,-0.076526,0.030466,1.6183,-0.043375,0.030295,1.64592,0.050553,0.02981,1.51332,0.127905,0.029411,1.51884,0.155531,0.029269,1.50779,0.194207,0.029069,1.54647,0.257746,0.028741,1.54094,0.332336,0.028357,1.5437,0.36825,0.028171,1.60448,0.329573,0.028371,1.65697,0.29366,0.028556,1.64868,0.268797,0.028684,1.6846,0.274322,0.028656,1.74814,0.230121,0.028884,1.77576,0.230121,0.028884,1.91389,0.188682,0.029098,1.92495,0.183157,0.029126,1.98572,0.12238,0.02944,1.99677,0.105805,0.029525,2.02992,0.047791,0.029825,2.03821,-0.024037,0.030195,2.0465,-0.037849,0.030266,2.03545,-0.084813,0.030509,2.0907,-0.148353,0.030836,2.11004,-0.184266,0.031022,2.14043,-0.245043,0.031335,2.14872,-0.311345,0.031677,2.11557,-0.358309,0.031919,2.11004,-0.4992,0.032646,2.01059,-0.526826,0.032789,1.96639,-0.565502,0.032988,1.95257,-0.510251,0.032703,1.90284,-0.504726,0.032675,1.87246,-0.521301,0.03276,1.85864,-0.4992,0.032646,1.81997,-0.490913,0.032604,1.79787,-0.526826,0.032789,1.78405,-0.504726,0.032675,1.76195,-0.449474,0.03239,1.77024,-0.438424,0.032333,1.70117,-0.408035,0.032176,1.69012,-0.341733,0.031834,1.7509],
    "materials": [{
        "wireframe": false,
        "visible": true,
        "shading": "lambert",
        "colorDiffuse": [0.64,0.64,0.64],
        "blending": "NormalBlending",
        "DbgColor": 15658734,
        "doubleSided": true,
        "transparent": false,
        "colorSpecular": [0.5,0.5,0.5],
        "depthTest": true,
        "specularCoef": 50,
        "depthWrite": true,
        "DbgName": "hungary",
        "opacity": 1,
        "colorEmissive": [0,0,0],
        "DbgIndex": 0,
        "colorAmbient": [0.64,0.64,0.64]
    }],
    "metadata": {
        "generator": "io_three",
        "type": "Geometry",
        "faces": 95,
        "version": 3,
        "vertices": 94,
        "materials": 1,
        "uvs": 1
    }
}