{
    "uvs": [[0.557969,0.839947,0.614422,0.868173,0.572083,0.870526,0.69675,0.755266,0.463881,0.807015,0.447416,0.757618,0.161624,0.698813,0.165544,0.653729,0.204747,0.718415,0.23219,0.755659,0.372146,0.799958,0.783781,0.301286,0.86846,0.496521,0.802599,0.5271,0.77202,0.621189,0.179265,0.724296,0.134181,0.536117,0.67558,0.273059,0.134181,0.634127,0.100859,0.485152,0.158096,0.32716,0.104779,0.528276,0.061655,0.400079,0.045974,0.453789,0.016963,0.435363,0.946083,0.531805,0.924913,0.458885,0.988423,0.512987,0.247479,0.28482,0.901391,0.447124,0.901391,0.367148,0.915505,0.41184,0.057735,0.477311,0.094586,0.345978,0.950788,0.444772,0.93197,0.42125,0.981366,0.451828,0.004811,0.447908,0.929618,0.41184,0.807303,0.296581,0.903744,0.324808,0.913152,0.353035,0.296875,0.256593,0.282762,0.251889,0.294523,0.211901,0.508574,0.197787,0.863756,0.277763,0.927266,0.275411,0.155743,0.30599,0.847291,0.298933,0.153391,0.270706,0.219253,0.258945,0.741442,0.291877,0.79319,0.282468,0.823769,0.280115,0.336863,0.209548,0.247479,0.237775,0.273354,0.228366,0.37685,0.176617,0.325102,0.174265,0.560322,0.197787,0.640297,0.209548,0.588548,0.174265,0.786133,0.689404,0.4827,0.16956,0.348624,0.155447,0.204467,0.718415,0.178985,0.724296,0.912872,0.353035,0.901111,0.367148,0.37657,0.176617,0.482419,0.16956,0.00453,0.447908,0.016683,0.435363,0.863475,0.277763,0.926985,0.275411,0.336582,0.209548,0.324821,0.174265,0.157815,0.32716,0.094306,0.345978,0.945802,0.531805,0.86818,0.496521,0.807023,0.296581,0.823488,0.280115,0.057454,0.477311,0.045693,0.453789,0.218972,0.258945,0.153111,0.270706,0.950507,0.444772,0.981085,0.451828,0.741161,0.291877,0.783501,0.301286,0.133901,0.536117,0.104498,0.528276,0.447135,0.757618,0.371865,0.799958,0.296595,0.256593,0.247199,0.28482,0.588268,0.174265,0.640016,0.209548,0.231909,0.755659,0.571802,0.870526,0.557689,0.839947,0.294243,0.211901,0.273073,0.228366,0.929337,0.41184,0.508293,0.197787,0.161343,0.698813,0.165263,0.653729,0.903463,0.324808,0.348343,0.155447,0.061375,0.400079,0.84701,0.298933,0.155463,0.30599,0.988142,0.512987,0.792909,0.282468,0.100578,0.485152,0.247199,0.237775,0.675299,0.273059,0.133901,0.634127,0.463601,0.807015,0.282482,0.251889,0.560042,0.197787,0.931689,0.42125,0,0]],
    "name": "Cube.004Geometry.1",
    "materials": [{
        "blending": "NormalBlending",
        "colorEmissive": [0,0,0],
        "depthTest": true,
        "opacity": 1,
        "DbgIndex": 0,
        "colorAmbient": [0.64,0.64,0.64],
        "wireframe": false,
        "colorDiffuse": [0.64,0.64,0.64],
        "shading": "lambert",
        "DbgName": "rumania",
        "colorSpecular": [0.5,0.5,0.5],
        "visible": true,
        "doubleSided": true,
        "transparent": false,
        "depthWrite": true,
        "DbgColor": 15658734,
        "specularCoef": 50
    }],
    "vertices": [0.047588,-0.04611,2.03821,0.455898,-0.048217,2.37083,0.426062,-0.048063,2.34763,0.439322,-0.048131,2.31447,0.459213,-0.048234,2.30784,0.389596,-0.047874,2.26806,0.389596,-0.047874,2.33437,0.349814,-0.047669,2.30453,0.256992,-0.04719,2.28795,0.260307,-0.047208,2.23823,0.263622,-0.047225,2.20839,0.174114,-0.046763,2.18187,0.127703,-0.046523,2.10562,0.064716,-0.046199,2.05589,0.274119,-0.047279,1.74814,0.268594,-0.04725,1.6846,0.293457,-0.047379,1.64868,0.329371,-0.047564,1.65697,0.368047,-0.047763,1.60448,0.229918,-0.047051,1.77576,0.229918,-0.047051,1.91389,0.18848,-0.046837,1.92495,0.182954,-0.046808,1.98572,0.122178,-0.046495,1.99677,0.105602,-0.046409,2.02992,0.047588,-0.04611,2.03821,0.515569,-0.048524,2.37415,0.498994,-0.048439,2.42387,0.532145,-0.04861,2.4504,0.571926,-0.048815,2.42056,0.721105,-0.049585,2.43051,0.757571,-0.049773,2.39072,0.830503,-0.050149,2.39072,0.870284,-0.050354,2.42387,0.943217,-0.05073,2.37415,0.992943,-0.050987,2.28464,1.08577,-0.051466,2.25812,1.14544,-0.051774,2.24486,1.1587,-0.051842,2.27138,1.17859,-0.051945,2.25149,1.20179,-0.052064,2.27469,1.23494,-0.052235,2.24817,1.25815,-0.052355,2.27801,1.34766,-0.052817,2.28132,1.31451,-0.052646,2.2117,1.32777,-0.052714,2.17192,1.31119,-0.052629,2.15203,1.35097,-0.052834,2.08905,1.38081,-0.052988,2.04263,1.4239,-0.05321,2.03269,1.43385,-0.053261,1.94649,1.37418,-0.052954,1.91997,1.26478,-0.052389,1.9697,0.847078,-0.050234,1.44259,0.827188,-0.050132,1.48569,0.694584,-0.049448,1.5321,0.671378,-0.049328,1.60172,0.565295,-0.048781,1.54205,0.047984,0.030569,2.03821,0.456293,0.028463,2.37083,0.426457,0.028617,2.34763,0.439718,0.028548,2.31447,0.459608,0.028446,2.30784,0.389991,0.028805,2.26806,0.389991,0.028805,2.33437,0.35021,0.02901,2.30453,0.257387,0.029489,2.28795,0.260702,0.029472,2.23823,0.264017,0.029455,2.20839,0.17451,0.029916,2.18187,0.128098,0.030156,2.10562,0.065112,0.030481,2.05589,0.274515,0.029401,1.74814,0.26899,0.029429,1.6846,0.293853,0.029301,1.64868,0.329766,0.029116,1.65697,0.368443,0.028916,1.60448,0.230314,0.029629,1.77576,0.230314,0.029629,1.91389,0.188875,0.029842,1.92495,0.18335,0.029871,1.98572,0.122573,0.030184,1.99677,0.105998,0.03027,2.02992,0.047984,0.030569,2.03821,0.515965,0.028155,2.37415,0.499389,0.02824,2.42387,0.53254,0.028069,2.4504,0.572321,0.027864,2.42056,0.721501,0.027095,2.43051,0.757967,0.026907,2.39072,0.830899,0.02653,2.39072,0.87068,0.026325,2.42387,0.943612,0.025949,2.37415,0.993339,0.025692,2.28464,1.08616,0.025214,2.25812,1.14583,0.024906,2.24486,1.15909,0.024837,2.27138,1.17898,0.024735,2.25149,1.20219,0.024615,2.27469,1.23534,0.024444,2.24817,1.25855,0.024324,2.27801,1.34805,0.023863,2.28132,1.3149,0.024034,2.2117,1.32816,0.023965,2.17192,1.31159,0.024051,2.15203,1.35137,0.023845,2.08905,1.31159,0.024051,2.03932,1.34474,0.02388,2.02274,1.38121,0.023692,2.04263,1.4243,0.023469,2.03269,1.43425,0.023418,1.94649,1.37457,0.023726,1.91997,1.26518,0.02429,1.9697,1.17235,0.024769,1.9266,1.12926,0.024991,1.794,1.14915,0.024889,1.69786,1.02317,0.025538,1.60503,0.907145,0.026137,1.44591,0.847474,0.026445,1.44259,0.827583,0.026547,1.48569,0.694979,0.027232,1.5321,0.671774,0.027351,1.60172,0.565691,0.027898,1.54205,1.26468,-0.052184,1.9697,1.25838,-0.052288,1.87071,1.2813,-0.052406,1.76757,1.25838,-0.052288,1.71027,1.3386,-0.052702,1.69881,1.3386,-0.052702,1.68162,1.37871,-0.052909,1.71027,1.38444,-0.052938,1.69308,1.41882,-0.053115,1.69308,1.30995,-0.052554,1.52117,1.23545,-0.05217,1.52117,1.23545,-0.05217,1.44094,1.20107,-0.051992,1.41802,1.16096,-0.051785,1.38937,1.13231,-0.051637,1.41229,1.05209,-0.051224,1.37791,1.01198,-0.051017,1.37791,0.960407,-0.050751,1.36645,0.897375,-0.050426,1.40083,0.851534,-0.050189,1.41229,0.846759,-0.050164,1.43617,1.25887,0.02093,1.87071,1.2818,0.020812,1.76757,1.25887,0.02093,1.71027,1.3391,0.020516,1.69881,1.3391,0.020516,1.68162,1.37921,0.020309,1.71027,1.38494,0.020279,1.69308,1.41932,0.020102,1.69308,1.31045,0.020664,1.52117,1.23595,0.021048,1.52117,1.23595,0.021048,1.44094,1.20157,0.021225,1.41802,1.16146,0.021432,1.38937,1.13281,0.02158,1.41229,1.05259,0.021994,1.37791,1.01248,0.022201,1.37791,0.960907,0.022467,1.36645,0.897875,0.022792,1.40083,0.852034,0.023028,1.41229],
    "metadata": {
        "version": 3,
        "uvs": 1,
        "generator": "io_three",
        "type": "Geometry",
        "materials": 1,
        "vertices": 163,
        "faces": 165
    },