{
    "vertices": [-1.92668,-0.076227,1.30797,-1.92224,-0.076072,1.29377,-1.88854,-0.074895,1.27158,-1.88854,-0.074895,1.24318,-1.90096,-0.075329,1.21389,-1.96393,-0.077528,1.15532,-1.95506,-0.077218,1.11715,-1.95684,-0.07728,1.08431,-1.98877,-0.078395,1.06656,-2.03223,-0.079913,1.06213,-2.0411,-0.080223,1.01953,-2.06061,-0.080904,1.00799,-2.06682,-0.081121,1.02041,-2.08279,-0.081678,1.01154,-2.089,-0.081895,1.02396,-2.10762,-0.082546,1.01154,-2.13423,-0.083475,1.01598,-2.13867,-0.08363,1.03816,-2.15729,-0.08428,1.04349,-2.17947,-0.085055,1.04704,-2.19809,-0.085705,1.06124,-2.22116,-0.08651,1.0426,-2.25486,-0.087687,1.04438,-2.26817,-0.088152,1.01242,-2.39412,-0.09255,1.07366,-2.3542,-0.091156,1.17307,-2.23535,-0.087006,1.23874,-2.18213,-0.085148,1.24407,-2.17947,-0.085055,1.32039,-2.10674,-0.082515,1.31507,-2.09254,-0.082019,1.36921,-2.06682,-0.081121,1.36743,-2.00828,-0.079077,1.4269,-1.95152,-0.077094,1.43488,-1.98788,-0.078364,1.35146,-1.95684,-0.07728,1.30087,-1.932,-0.076413,1.30175,-1.92872,-0.017843,1.30797,-1.92428,-0.017688,1.29377,-1.89058,-0.016511,1.27158,-1.89058,-0.016511,1.24318,-1.903,-0.016944,1.21389,-1.96597,-0.019144,1.15532,-1.9571,-0.018834,1.11715,-1.95887,-0.018896,1.08431,-1.99081,-0.020011,1.06656,-2.03427,-0.021529,1.06213,-2.04314,-0.021838,1.01953,-2.06265,-0.02252,1.00799,-2.06886,-0.022737,1.02041,-2.08483,-0.023294,1.01154,-2.09104,-0.023511,1.02396,-2.10966,-0.024161,1.01154,-2.13627,-0.025091,1.01598,-2.14071,-0.025245,1.03816,-2.15933,-0.025896,1.04349,-2.18151,-0.02667,1.04704,-2.20013,-0.027321,1.06124,-2.22319,-0.028126,1.0426,-2.2569,-0.029303,1.04438,-2.2702,-0.029768,1.01242,-2.39615,-0.034166,1.07366,-2.35624,-0.032772,1.17307,-2.23739,-0.028622,1.23874,-2.18417,-0.026763,1.24407,-2.18151,-0.02667,1.32039,-2.10877,-0.02413,1.31507,-2.09458,-0.023635,1.36921,-2.06886,-0.022737,1.36743,-2.01032,-0.020692,1.4269,-1.95355,-0.01871,1.43488,-1.98992,-0.01998,1.35146,-1.95887,-0.018896,1.30087,-1.93404,-0.018029,1.30175],
    "materials": [{
        "doubleSided": true,
        "colorAmbient": [0.64,0.64,0.64],
        "visible": true,
        "DbgName": "belgium",
        "transparent": false,
        "blending": "NormalBlending",
        "colorDiffuse": [0.64,0.64,0.64],
        "colorSpecular": [0.5,0.5,0.5],
        "opacity": 1,
        "wireframe": false,
        "DbgColor": 15658734,
        "specularCoef": 50,
        "DbgIndex": 0,
        "shading": "phong",
        "depthTest": true,
        "depthWrite": true,
        "colorEmissive": [0,0,0]
    }],
    "faces": [42,12,11,10,0,0,1,2,0,1,2,42,16,15,17,0,3,4,5,3,4,5,42,14,13,12,0,6,7,0,6,7,0,42,24,23,22,0,8,9,10,8,9,10,42,20,18,27,0,11,12,13,11,12,13,42,12,10,9,0,0,2,14,0,2,14,42,14,12,9,0,6,0,14,6,0,14,42,17,14,9,0,5,6,14,5,6,14,42,18,17,27,0,12,5,13,12,5,13,42,22,21,20,0,10,15,11,10,15,11,42,19,18,20,0,16,12,11,16,12,11,42,24,22,25,0,8,10,17,8,10,17,42,22,20,26,0,10,11,18,10,11,18,42,4,3,1,0,19,20,21,19,20,21,42,3,2,1,0,20,22,21,20,22,21,42,25,22,26,0,17,10,18,17,10,18,42,9,5,27,0,14,23,13,14,23,13,42,17,9,27,0,5,14,13,5,14,13,42,6,5,9,0,24,23,14,24,23,14,42,27,26,20,0,13,18,11,13,18,11,42,35,5,4,0,25,23,19,25,23,19,42,27,5,29,0,13,23,26,13,23,26,42,28,27,29,0,27,13,26,27,13,26,42,8,7,6,0,28,29,24,28,29,24,42,29,34,31,0,26,30,31,26,30,31,42,49,47,48,0,32,33,34,32,33,34,42,1,35,4,0,21,25,19,21,25,19,42,35,1,36,0,25,21,35,25,21,35,42,36,1,0,0,35,21,36,35,21,36,42,35,29,5,0,25,26,23,25,26,23,42,29,35,34,0,26,25,30,26,25,30,42,30,29,31,0,37,26,31,37,26,31,42,34,33,32,0,30,38,39,30,38,39,42,31,34,32,0,31,30,39,31,30,39,42,9,8,6,0,14,28,24,14,28,24,42,15,14,17,0,4,6,5,4,6,5,42,53,54,52,0,40,41,42,40,41,42,42,51,49,50,0,43,32,44,43,32,44,42,61,59,60,0,45,46,47,45,46,47,42,57,64,55,0,48,49,50,48,49,50,42,49,46,47,0,32,51,33,32,51,33,42,51,46,49,0,43,51,32,43,51,32,42,54,46,51,0,41,51,43,41,51,43,42,55,64,54,0,50,49,41,50,49,41,42,59,57,58,0,46,48,52,46,48,52,42,56,57,55,0,53,48,50,53,48,50,42,61,62,59,0,45,54,46,45,54,46,42,59,63,57,0,46,55,48,46,55,48,42,41,38,40,0,56,57,58,56,57,58,42,40,38,39,0,58,57,59,58,57,59,42,62,63,59,0,54,55,46,54,55,46,42,46,64,42,0,51,49,60,51,49,60,42,54,64,46,0,41,49,51,41,49,51,42,43,46,42,0,61,51,60,61,51,60,42,64,57,63,0,49,48,55,49,48,55,42,72,41,42,0,62,56,60,62,56,60,42,64,66,42,0,49,63,60,49,63,60,42,65,66,64,0,64,63,49,64,63,49,42,45,43,44,0,65,61,66,65,61,66,42,66,68,71,0,63,67,68,63,67,68,42,38,41,72,0,57,56,62,57,56,62,42,72,73,38,0,62,69,57,62,69,57,42,73,37,38,0,69,70,57,69,70,57,42,72,42,66,0,62,60,63,62,60,63,42,66,71,72,0,63,68,62,63,68,62,42,67,68,66,0,71,67,63,71,67,63,42,71,69,70,0,68,72,73,68,72,73,42,68,69,71,0,67,72,68,67,72,68,42,46,43,45,0,51,61,65,51,61,65,42,52,54,51,0,42,41,43,42,41,43,43,71,34,35,72,0,68,30,25,62,68,30,25,62,43,53,16,17,54,0,40,3,5,41,40,3,5,41,43,58,21,22,59,0,52,15,10,46,52,15,10,46,43,40,3,4,41,0,58,20,19,56,58,20,19,56,43,63,26,27,64,0,55,18,13,49,55,18,13,49,43,45,8,9,46,0,65,28,14,51,65,28,14,51,43,68,31,32,69,0,67,31,39,72,67,31,39,72,43,50,13,14,51,0,44,7,6,43,44,7,6,43,43,0,37,73,36,0,36,70,69,35,36,70,69,35,43,55,18,19,56,0,50,12,16,53,50,12,16,53,43,37,0,1,38,0,70,36,21,57,70,36,21,57,43,60,23,24,61,0,47,9,8,45,47,9,8,45,43,42,5,6,43,0,60,23,24,61,60,23,24,61,43,65,28,29,66,0,64,27,26,63,64,27,26,63,43,47,10,11,48,0,33,2,1,34,33,2,1,34,43,70,33,34,71,0,73,38,30,68,73,38,30,68,43,52,15,16,53,0,42,4,3,40,42,4,3,40,43,57,20,21,58,0,48,11,15,52,48,11,15,52,43,39,2,3,40,0,59,22,20,58,59,22,20,58,43,62,25,26,63,0,54,17,18,55,54,17,18,55,43,44,7,8,45,0,66,29,28,65,66,29,28,65,43,67,30,31,68,0,71,37,31,67,71,37,31,67,43,49,12,13,50,0,32,0,7,44,32,0,7,44,43,72,35,36,73,0,62,25,35,69,62,25,35,69,43,54,17,18,55,0,41,5,12,50,41,5,12,50,43,59,22,23,60,0,46,10,9,47,46,10,9,47,43,41,4,5,42,0,56,19,23,60,56,19,23,60,43,64,27,28,65,0,49,13,27,64,49,13,27,64,43,46,9,10,47,0,51,14,2,33,51,14,2,33,43,69,32,33,70,0,72,39,38,73,72,39,38,73,43,51,14,15,52,0,43,6,4,42,43,6,4,42,43,56,19,20,57,0,53,16,11,48,53,16,11,48,43,38,1,2,39,0,57,21,22,59,57,21,22,59,43,61,24,25,62,0,45,8,17,54,45,8,17,54,43,43,6,7,44,0,61,24,29,66,61,24,29,66,43,66,29,30,67,0,63,26,37,71,63,26,37,71,43,48,11,12,49,0,34,1,0,32,34,1,0,32],
    "metadata": {
        "generator": "io_three",
        "vertices": 74,
        "uvs": 1,
        "version": 3,
        "materials": 1,
        "faces": 107,
        "type": "Geometry",
        "normals": 74
    },
    "name": "Cube.144Geometry",