{
    "vertices":[-1,-0.105839,0.0430973,-1,0.105839,0.0430973,0,-0.105839,-1.9569,0,0.105839,-1.9569,1,-0.105839,0.0430973,1,0.105839,0.0430973],
    "metadata":{
        "faces":5,
        "type":"Geometry",
        "normals":5,
        "vertices":6,
        "materials":1,
        "uvs":0,
        "version":3,
        "generator":"io_three"
    },
    "uvs":[],
    "materials":[{
        "DbgColor":15658734,
        "colorDiffuse":[0.64,0.64,0.64],
        "DbgName":"triangle",
        "shading":"phong",
        "depthTest":true,
        "colorEmissive":[0,0,0],
        "specularCoef":50,
        "wireframe":false,
        "doubleSided":false,
        "visible":true,
        "transparent":false,
        "colorSpecular":[0.5,0.5,0.5],
        "depthWrite":true,
        "DbgIndex":0,
        "opacity":1,
        "blending":1
    }],
    "faces":[35,0,1,3,2,0,0,0,0,0,35,2,3,5,4,0,1,1,1,1,35,1,0,4,5,0,2,2,2,2,34,2,4,0,0,3,3,3,34,3,1,5,0,4,4,4],
    "normals":[-0.894427,0,-0.447214,0.894427,0,-0.447214,0,3.51978e-08,1,0,-1,4.09782e-08,0,1,-4.09782e-08]
}