{
    "faces": [10,42,40,41,0,0,1,2,10,40,38,39,0,1,3,4,10,42,43,40,0,0,5,1,10,49,61,45,0,6,7,8,10,44,61,43,0,9,7,5,10,38,61,49,0,3,7,6,10,56,54,57,0,10,11,12,10,60,58,46,0,13,14,15,10,60,46,61,0,13,15,7,10,59,58,60,0,16,14,13,10,46,57,47,0,15,12,17,10,58,57,46,0,14,12,15,10,47,31,48,0,17,18,19,10,47,36,37,0,17,20,21,10,40,43,38,0,1,5,3,10,31,47,37,0,18,17,21,10,55,54,56,0,22,11,10,10,53,57,54,0,23,12,11,10,53,47,57,0,23,17,12,10,50,53,51,0,24,23,25,10,36,47,53,0,20,17,23,10,52,51,53,0,26,25,23,10,50,33,35,0,24,27,28,10,36,53,35,0,20,23,28,10,35,53,50,0,28,23,24,10,32,33,50,0,29,27,24,10,43,61,38,0,5,7,3,10,33,34,35,0,27,30,28,10,45,61,46,0,8,7,15,11,26,57,58,27,0,31,12,14,32,11,21,52,53,22,0,33,26,23,34,11,43,12,13,44,0,5,35,36,9,11,38,7,8,39,0,3,37,38,4,11,33,2,3,34,0,27,39,40,30,11,27,58,59,28,0,32,14,16,41,11,22,53,54,23,0,34,23,11,42,11,7,38,49,18,0,37,3,6,43,11,14,45,46,15,0,44,8,15,45,11,39,8,9,40,0,4,38,46,1,11,34,3,4,35,0,30,40,47,28,11,28,59,60,29,0,41,16,13,48,11,23,54,55,24,0,42,11,22,49,11,1,32,50,19,0,50,29,24,51,11,15,46,47,16,0,45,15,17,52,11,40,9,10,41,0,1,46,53,2,11,35,4,5,36,0,28,47,54,20,11,29,60,61,30,0,48,13,7,55,11,24,55,56,25,0,49,22,10,56,11,19,50,51,20,0,51,24,25,57,11,16,47,48,17,0,52,17,19,58,11,41,10,11,42,0,2,53,59,0,11,36,5,6,37,0,20,54,60,21,11,44,13,30,61,0,9,36,55,7,11,25,56,57,26,0,56,10,12,31,11,20,51,52,21,0,57,25,26,33,11,18,49,45,14,0,43,6,8,44,11,42,11,12,43,0,0,59,35,5,11,0,31,37,6,0,61,18,21,60,11,32,1,2,33,0,29,50,39,27,11,31,0,17,48,0,18,61,58,19],
    "uvs": [[0.319243,0.806006,0.45814,0.908671,0.391711,0.950945,0.52457,0.890554,0.494374,0.926789,0.343399,0.769772,0.597038,0.830163,0.414732,0.660662,0.65139,0.733537,0.349438,0.691263,0.386776,0.384589,0.397259,0.28674,0.411238,0.405556,0.407743,0.604749,0.383281,0.468459,0.639312,0.558402,0.362314,0.573297,0.675546,0.449698,0.766132,0.43158,0.766132,0.449698,0.71343,0.205818,0.800392,0.329016,0.355325,0.300718,0.439194,0.223837,0.533547,0.129482,0.460162,0.171418,0.39726,0.206363,0.604727,0.046385,0.611974,0.126101,0.568493,0.024644,0.677196,0.060879,0.411061,0.405556,0.383104,0.468459,0.397083,0.206363,0.439018,0.223837,0.343222,0.769772,0.349261,0.691263,0.524393,0.890554,0.494198,0.926789,0.60455,0.046385,0.677019,0.060879,0.362137,0.573297,0.397083,0.28674,0.596862,0.830163,0.651213,0.733537,0.639135,0.558402,0.457963,0.908671,0.611797,0.126101,0.407566,0.604749,0.355148,0.300718,0.568316,0.024644,0.533371,0.129482,0.67537,0.449698,0.391534,0.950945,0.713253,0.205818,0.414555,0.660662,0.386599,0.384589,0.459985,0.171418,0.765955,0.449698,0.319066,0.806006,0.800215,0.329016,0.765956,0.43158]],
    "name": "Cube.056Geometry",
    "vertices": [0.304177,0.007998,3.09453,0.173986,0.008669,3.36259,0.197855,0.008546,3.34827,0.245592,0.0083,3.33872,0.202628,0.008522,3.29576,0.26946,0.008177,3.24324,0.326745,0.007881,3.16209,0.145052,0.008819,2.79219,0.125162,0.008921,2.76832,0.101293,0.009044,2.78025,0.057534,0.00927,2.7524,0.009797,0.009516,2.84788,0.025709,0.009434,2.87175,0.029687,0.009414,2.92347,0.228593,0.008388,2.89562,0.220637,0.008429,3.01098,0.244505,0.008306,3.08259,0.304177,0.007998,3.08259,0.19279,0.008572,2.83197,0.150966,0.008788,3.29353,0.102625,0.009037,3.2659,0.061189,0.009251,3.24288,0.088813,0.009109,3.23137,0.061189,0.009251,3.18994,0.033565,0.009394,3.18073,0.054283,0.009287,3.12548,0.070397,0.009204,3.11167,0.051981,0.009299,3.07023,0.038169,0.00937,3.00117,0.068095,0.009216,2.98046,0.072699,0.009192,2.94362,0.304293,0.030568,3.09453,0.174102,0.031239,3.36259,0.197971,0.031116,3.34827,0.245708,0.03087,3.33872,0.202745,0.031091,3.29576,0.269577,0.030747,3.24324,0.326861,0.030451,3.16209,0.145169,0.031388,2.79219,0.125278,0.031491,2.76832,0.10141,0.031614,2.78025,0.05765,0.03184,2.7524,0.009913,0.032086,2.84788,0.025826,0.032004,2.87175,0.029804,0.031984,2.92347,0.228709,0.030957,2.89562,0.220753,0.030999,3.01098,0.244622,0.030875,3.08259,0.304293,0.030568,3.08259,0.192906,0.031142,2.83197,0.151083,0.031358,3.29353,0.102741,0.031607,3.2659,0.061306,0.031821,3.24288,0.088929,0.031679,3.23137,0.061306,0.031821,3.18994,0.033682,0.031964,3.18073,0.0544,0.031857,3.12548,0.070513,0.031774,3.11167,0.052098,0.031869,3.07023,0.038286,0.03194,3.00117,0.068211,0.031785,2.98046,0.072815,0.031762,2.94362],
    "materials": [{
        "wireframe": false,
        "visible": true,
        "shading": "lambert",
        "colorDiffuse": [0.64,0.64,0.64],
        "blending": "NormalBlending",
        "DbgColor": 15658734,
        "doubleSided": true,
        "transparent": false,
        "colorSpecular": [0.5,0.5,0.5],
        "depthTest": true,
        "specularCoef": 50,
        "depthWrite": true,
        "DbgName": "albania",
        "opacity": 1,
        "colorEmissive": [0,0,0],
        "DbgIndex": 0

    }],
    "metadata": {
        "generator": "io_three",
        "type": "Geometry",
        "faces": 60,
        "version": 3,
        "vertices": 62,
        "materials": 1,
        "uvs": 1
    }
}
