{
    "faces": [10,27,25,24,0,0,1,2,11,10,60,59,9,0,3,3,4,4,11,36,86,87,37,0,5,5,6,6,11,24,74,73,23,0,2,2,7,7,11,11,61,60,10,0,8,8,3,3,11,37,87,88,38,0,6,6,9,9,11,25,75,74,24,0,1,1,2,2,11,12,62,61,11,0,10,10,8,8,11,38,88,89,39,0,9,9,11,11,11,26,76,75,25,0,12,12,1,1,11,13,63,62,12,0,13,13,10,10,11,39,89,90,40,0,11,11,14,14,11,27,77,76,26,0,0,0,12,12,11,49,99,64,14,0,15,15,16,16,11,40,90,91,41,0,14,14,17,17,11,50,0,1,51,0,19,19,18,18,11,28,78,77,27,0,20,20,0,0,11,14,64,65,15,0,16,16,21,21,11,41,91,92,42,0,17,17,22,22,11,2,52,51,1,0,23,23,18,18,11,29,79,78,28,0,24,24,20,20,11,15,65,66,16,0,21,21,25,25,11,42,92,93,43,0,22,22,26,26,11,3,53,52,2,0,27,27,23,23,11,30,80,79,29,0,28,28,24,24,11,16,66,67,17,0,25,25,29,29,11,43,93,94,44,0,26,26,30,30,11,4,54,53,3,0,31,31,27,27,11,31,81,80,30,0,32,32,28,28,11,17,67,68,18,0,29,29,33,33,11,44,94,95,45,0,30,30,34,34,11,5,55,54,4,0,35,35,31,31,11,32,82,81,31,0,36,36,32,32,11,18,68,69,19,0,33,33,37,37,11,45,95,96,46,0,34,34,38,38,11,6,56,55,5,0,39,39,35,35,11,33,83,82,32,0,40,40,36,36,11,19,69,70,20,0,37,37,41,41,11,46,96,97,47,0,38,38,42,42,11,7,57,56,6,0,43,43,39,39,11,34,84,83,33,0,44,44,40,40,11,20,70,63,13,0,41,41,13,13,11,47,97,98,48,0,42,42,45,45,11,8,58,57,7,0,46,46,43,43,11,21,71,85,35,0,47,47,48,48,11,22,72,71,21,0,49,49,47,47,11,48,98,99,49,0,45,45,15,15,11,9,59,58,8,0,4,4,46,46,11,35,85,86,36,0,48,48,5,5,11,23,73,72,22,0,7,7,49,49,11,0,50,84,34,0,19,19,44,44,10,40,41,42,0,14,17,22,10,42,43,44,0,22,26,30,10,45,46,47,0,34,38,42,10,42,44,40,0,22,30,14,10,40,44,45,0,14,30,34,10,47,48,49,0,42,45,15,10,45,47,17,0,34,42,29,10,49,14,15,0,15,16,21,10,15,16,49,0,21,25,15,10,17,18,19,0,29,33,37,10,20,13,12,0,41,13,10,10,12,11,10,0,10,8,3,10,12,10,9,0,10,3,4,10,20,12,9,0,41,10,4,10,8,7,6,0,46,43,39,10,19,20,40,0,37,41,14,10,8,6,4,0,46,39,31,10,20,9,3,0,41,4,27,10,49,16,17,0,15,25,29,10,9,8,4,0,4,46,31,10,49,17,47,0,15,29,42,10,40,45,19,0,14,34,37,10,37,38,39,0,6,9,11,10,45,17,19,0,34,29,37,10,39,40,1,0,11,14,18,10,6,5,4,0,39,35,31,10,3,2,1,0,27,23,18,10,9,4,3,0,4,31,27,10,40,20,3,0,14,41,27,10,1,0,34,0,18,19,44,10,40,3,1,0,14,27,18,10,35,36,37,0,48,5,6,10,37,39,23,0,6,11,7,10,34,33,31,0,44,40,32,10,39,1,34,0,11,18,44,10,22,21,35,0,49,47,48,10,35,23,22,0,48,7,49,10,33,32,31,0,40,36,32,10,30,29,23,0,28,24,7,10,34,31,30,0,44,32,28,10,35,37,23,0,48,6,7,10,23,39,30,0,7,11,28,10,34,30,39,0,44,28,11,10,28,27,24,0,20,0,2,10,26,25,27,0,12,1,0,10,24,23,29,0,2,7,24,10,29,28,24,0,24,20,2],
    "uvs": [[0.043025,0.387496,0.092647,0.332359,0.114702,0.404037,0.715142,0.772993,0.65361,0.745303,0.336244,0.246308,0.364828,0.274892,0.20292,0.39301,0.750524,0.759148,0.460107,0.246308,0.750524,0.722228,0.48869,0.370172,0.037511,0.315818,0.796673,0.70223,0.574441,0.417813,0.907918,0.503566,0.980339,0.529703,0.583969,0.303477,0.441322,0.732997,0.39671,0.754533,0.070593,0.426092,0.964388,0.572238,0.641137,0.303477,0.498239,0.762225,0.147784,0.580476,0.895269,0.564263,0.698305,0.217724,0.555157,0.717613,0.213947,0.602531,0.874002,0.542995,0.698304,0.33206,0.582847,0.742227,0.274597,0.685237,0.836784,0.574897,0.745944,0.417813,0.545927,0.777608,0.247029,0.729346,0.786274,0.580214,0.803111,0.351117,0.585924,0.805299,0.285624,0.73486,0.765006,0.651992,0.850751,0.389229,0.624381,0.800684,0.329733,0.696264,0.907918,0.332061,0.628997,0.76684,0.252543,0.238626,0.279077,0.255836,0.20292,0.326845]],
    "name": "Cube.002Geometry.1",
    "vertices": [-1.74148,0.033517,1.82983,-1.71059,0.033517,1.84474,-1.67118,0.033517,1.8245,-1.63177,0.033517,1.85539,-1.61259,0.033517,1.83835,-1.63816,0.033517,1.81385,-1.61046,0.033517,1.79468,-1.58383,0.033517,1.79787,-1.58064,0.033517,1.8213,-1.5636,0.033517,1.83622,-1.52099,0.033517,1.81704,-1.49649,0.033517,1.82663,-1.49649,0.033517,1.8522,-1.46453,0.033517,1.86604,-1.33736,0.033517,1.98551,-1.3484,0.033517,1.95605,-1.39626,0.033517,1.96158,-1.41099,0.033517,1.9763,-1.43676,0.033517,1.95421,-1.47173,0.033517,1.95053,-1.48646,0.033517,1.90083,-1.84131,0.033517,2.18706,-1.87567,0.033517,2.12597,-1.87567,0.033517,2.08016,-1.93675,0.033517,2.07252,-1.95202,0.033517,2.12215,-1.9902,0.033517,2.13361,-1.98639,0.033517,2.08398,-1.9673,0.033517,2.05725,-1.91385,0.033517,1.95035,-1.86803,0.033517,1.93508,-1.82604,0.033517,1.87781,-1.84512,0.033517,1.84727,-1.8184,0.033517,1.84345,-1.78786,0.033517,1.87017,-1.82293,0.033517,2.17514,-1.78335,0.033517,2.18174,-1.76356,0.033517,2.16195,-1.69758,0.033517,2.18174,-1.67779,0.033517,2.09597,-1.61841,0.033517,2.06298,-1.61182,0.033517,2.14215,-1.57223,0.033517,2.14215,-1.53265,0.033517,2.20153,-1.53265,0.033517,2.12236,-1.49966,0.033517,2.06298,-1.46008,0.033517,2.10917,-1.42709,0.033517,2.08277,-1.3875,0.033517,2.12236,-1.3875,0.033517,2.0036,-1.74148,-0.019195,1.82983,-1.71059,-0.019195,1.84474,-1.67118,-0.019195,1.8245,-1.63177,-0.019195,1.85539,-1.61259,-0.019195,1.83835,-1.63816,-0.019195,1.81385,-1.61046,-0.019195,1.79468,-1.58383,-0.019195,1.79787,-1.58064,-0.019195,1.8213,-1.5636,-0.019195,1.83622,-1.52099,-0.019195,1.81704,-1.49649,-0.019195,1.82663,-1.49649,-0.019195,1.8522,-1.46453,-0.019195,1.86604,-1.33736,-0.019195,1.98551,-1.3484,-0.019195,1.95605,-1.39626,-0.019195,1.96158,-1.41099,-0.019195,1.9763,-1.43676,-0.019195,1.95421,-1.47173,-0.019195,1.95053,-1.48646,-0.019195,1.90083,-1.84131,-0.019195,2.18706,-1.87567,-0.019195,2.12597,-1.87567,-0.019195,2.08016,-1.93675,-0.019195,2.07252,-1.95202,-0.019195,2.12215,-1.9902,-0.019195,2.13361,-1.98639,-0.019195,2.08398,-1.9673,-0.019195,2.05725,-1.91385,-0.019195,1.95035,-1.86803,-0.019195,1.93508,-1.82604,-0.019195,1.87781,-1.84512,-0.019195,1.84727,-1.8184,-0.019195,1.84345,-1.78786,-0.019195,1.87017,-1.82293,-0.019195,2.17514,-1.78335,-0.019195,2.18174,-1.76356,-0.019195,2.16195,-1.69758,-0.019195,2.18174,-1.67779,-0.019195,2.09597,-1.61841,-0.019195,2.06298,-1.61182,-0.019195,2.14215,-1.57223,-0.019195,2.14215,-1.53265,-0.019195,2.20153,-1.53265,-0.019195,2.12236,-1.49966,-0.019195,2.06298,-1.46008,-0.019195,2.10917,-1.42709,-0.019195,2.08277,-1.3875,-0.019195,2.12236,-1.3875,-0.019195,2.0036],
    "materials": [{
        "wireframe": false,
        "visible": true,
        "shading": "lambert",
        "colorDiffuse": [0.64,0.64,0.64],
        "blending": "NormalBlending",
        "DbgColor": 15658734,
        "doubleSided": true,
        "transparent": false,
        "colorSpecular": [0.5,0.5,0.5],
        "depthTest": true,
        "specularCoef": 50,
        "depthWrite": true,
        "DbgName": "switzerland",
        "opacity": 1,
        "colorEmissive": [0,0,0],
        "DbgIndex": 0
        
    }],
    "metadata": {
        "generator": "io_three",
        "type": "Geometry",
        "faces": 98,
        "version": 3,
        "vertices": 100,
        "materials": 1,
        "uvs": 1
    }
}